Modulo,Zona,Orden,Activo
M_A1_DER_,Módulos,1,Si
M_A1_IZQ_,Módulos,2,Si
M_A2_DER_,Módulos,3,Si
M_A2_IZQ_,Módulos,4,Si
M_A3_DER_,Módulos,5,Si
M_A3_IZQ_,Módulos,6,Si
M_A4_DER_,Módulos,7,Si
M_A4_IZQ_,Módulos,8,Si
M_A5_DER_,Módulos,9,Si
M_A5_IZQ_,Módulos,10,Si
M_A6_DER_,Módulos,11,Si
M_A6_IZQ_,Módulos,12,Si
M_A7_DER_,Módulos,13,Si
M_A7_IZQ_,Módulos,14,Si
M_A8_DER_,Módulos,15,Si
M_A8_IZQ_,Módulos,16,Si
M_A9_DER_,Módulos,17,Si
M_A9_IZQ_,Módulos,18,Si
M_A10_DER_,Módulos,19,Si
M_A10_IZQ_,Módulos,20,Si
M_A11_DER_,Módulos,21,Si
M_A11_IZQ_,Módulos,22,Si
M_A12_DER_,Módulos,23,Si
M_A12_IZQ_,Módulos,24,Si
M_A13_DER,Módulos,25,Si
M_A13_IZQ,Módulos,26,Si
M_A14_DER_,Módulos,27,Si
M_A14_IZQ_,Módulos,28,Si
BH_BAHIA 1_,BH,29,Si
BH_BAHIA 2_DER,BH,30,Si
BH_BAHIA 2_IZQ_,BH,31,Si
BH_BAHIA 3_DER,BH,32,Si
BH_BAHIA 3_IZQ,BH,33,Si
BH_BAHIA 4 DER_,BH,34,Si
BH_BAHIA 4 IZQ,BH,35,Si
BH_BAHIA 5_DER_,BH,36,Si
BH_BAHIA 5 IZQ_,BH,37,Si
M_B1_IZQ_,Módulos,38,Si
M_B1_DER_,Módulos,39,Si
M_B2 IZQ,Módulos,40,Si
M_B2_DER_,Módulos,41,Si
M_B3_IZQ_,Módulos,42,Si
M_B3_DER_,Módulos,43,Si
M_B4_IZQ_,Módulos,44,Si
M_B4_DER_,Módulos,45,Si
M_B5_IZQ_,Módulos,46,Si
M_B5_DER_,Módulos,47,Si
M_B6_IZQ_,Módulos,48,Si
M_B6_DER_,Módulos,49,Si
M_B7_IZQ_,Módulos,50,Si
M_B7_DER_,Módulos,51,Si
M_B8_IZQ_,Módulos,52,Si
M_B8_DER_,Módulos,53,Si
M_B9_IZQ_,Módulos,54,Si
M_B9_DER_,Módulos,55,Si
M_B10_IZQ_,Módulos,56,Si
M_B10_DER,Módulos,57,Si
M_B11_IZQ_,Módulos,58,Si
M_B11_DER_,Módulos,59,Si
M_B12_IZQ_,Módulos,60,Si
M_B12_DER_,Módulos,61,Si
M_B13_IZQ_,Módulos,62,Si
M_B13_DER_,Módulos,63,Si
M_B14_IZQ_,Módulos,64,Si
M_B14_DER_,Módulos,65,Si
M_COLUMNA B,Módulos,66,Si
M_B15_IZQ_,Módulos,67,Si
M_B15_DER_,Módulos,68,Si
M_B16_IZQ_,Módulos,69,Si
M_B16_DER_,Módulos,70,Si
M_B17_IZQ_,Módulos,71,Si
M_B17_DER_,Módulos,72,Si
M_B18_IZQ_,Módulos,73,Si
M_B18_DER_,Módulos,74,Si
M_B19_IZQ_,Módulos,75,Si
M_B19_DER_,Módulos,76,Si
M_B20_IZQ_,Módulos,77,Si
M_B20_DER_,Módulos,78,Si
M_B21_IZQ_,Módulos,79,Si
M_B21_DER_,Módulos,80,Si
M_B22_IZQ_,Módulos,81,Si
M_B22_DER_,Módulos,82,Si
M_B23_IZQ_,Módulos,83,Si
M_B23_DER_,Módulos,84,Si
M_B24_IZQ_,Módulos,85,Si
M_B24_DER_,Módulos,86,Si
M_B25_IZQ_,Módulos,87,Si
M_B25_DER_,Módulos,88,Si
M_B26_IZQ_,Módulos,89,Si
M_B26_DER_,Módulos,90,Si
M_B27_IZQ,Módulos,91,Si
M_B27_DER_,Módulos,92,Si
BH_BAHIA 6_DER_,BH,93,Si
BH_BAHIA 6_IZQ_,BH,94,Si
BH_BAHIA 7_DER_,BH,95,Si
BH_BAHIA 7_IZQ_,BH,96,Si
BH_BAHIA 8_DER_,BH,97,Si
BH_BAHIA 8_IZQ_,BH,98,Si
BH_BAHIA 8_IZQ_,BH,99,Si
BH_BAHIA 9_DER,BH,100,Si
BH_BAHIA 9 IZQ,BH,101,Si
BH_BAHIA 10_DER_,BH,102,Si
BH_BAHIA 10_IZQ_,BH,103,Si
M_C1_IZQ_,Módulos,104,Si
M_C1_DER_,Módulos,105,Si
M_C2_IZQ_,Módulos,106,Si
M_C2_DER_,Módulos,107,Si
M_C3 _IZQ,Módulos,108,Si
M_C3 _DER,Módulos,109,Si
M_C4 _IZQ,Módulos,110,Si
M_C4_DER_,Módulos,111,Si
M_C5_IZQ_,Módulos,112,Si
M_C5_DER_,Módulos,113,Si
M_C6_IZQ_,Módulos,114,Si
M_C6_DER_,Módulos,115,Si
M_C7_IZQ_,Módulos,116,Si
M_C7_DER_,Módulos,117,Si
M_C8_IZQ_,Módulos,118,Si
M_C8_DER_,Módulos,119,Si
M_C9_IZQ,Módulos,120,Si
M_C9_DER_,Módulos,121,Si
M_C10_IZQ_,Módulos,122,Si
M_C10_DER_,Módulos,123,Si
M_C11_IZQ_,Módulos,124,Si
M_C11_DER_,Módulos,125,Si
M_C12_IZQ_,Módulos,126,Si
M_C12_DER_,Módulos,127,Si
M_C13_IZQ_,Módulos,128,Si
M_C13_DER_,Módulos,129,Si
M_C14_IZQ_,Módulos,130,Si
M_C14_DER_,Módulos,131,Si
M_COLUMNA C_2,Módulos,132,Si
M_COLUMNA C_2,Módulos,133,Si
M_C15_IZQ_,Módulos,134,Si
M_C15_DER_,Módulos,135,Si
M_C16_IZQ_,Módulos,136,Si
M_C16_DER_,Módulos,137,Si
M_C17_IZQ_,Módulos,138,Si
M_C17_DER_,Módulos,139,Si
M_C18_IZQ_,Módulos,140,Si
M_C18_DER_,Módulos,141,Si
M_C19_IZQ_,Módulos,142,Si
M_C19_DER_,Módulos,143,Si
M_C20_IZQ_,Módulos,144,Si
M_C20_DER_,Módulos,145,Si
M_C21_IZQ_,Módulos,146,Si
M_C21_DER_,Módulos,147,Si
M_C22_IZQ_,Módulos,148,Si
M_C22_DER_,Módulos,149,Si
M_C23_IZQ_,Módulos,150,Si
M_C23_DER_,Módulos,151,Si
M_C24_IZQ_,Módulos,152,Si
M_C24_DER_,Módulos,153,Si
M_C25_IZQ_,Módulos,154,Si
M_C25_DER_,Módulos,155,Si
M_C26_IZQ_,Módulos,156,Si
M_C26_DER_,Módulos,157,Si
M_C27_IZQ_,Módulos,158,Si
M_C27_DER_,Módulos,159,Si
M_C28_IZQ_,Módulos,160,Si
M_C28_DER_,Módulos,161,Si
BH_BAHIA 11_DER,BH,162,Si
BH_BAHIA 12_DER_,BH,163,Si
BH_BAHIA 12_IZQ,BH,164,Si
BH_BAHIA 13_DER_,BH,165,Si
BH_BAHIA 13_IZQ_,BH,166,Si
BH_BAHIA 14_DER_,BH,167,Si
BH_BAHIA 14_IZQ_,BH,168,Si
BH_BAHIA 15_DER_,BH,169,Si
BH_BAHIA 15_IZQ_,BH,170,Si
BH_BAHIA 16_DER,BH,171,Si
BH_BAHIA 16_IZQ_,BH,172,Si
M_D1_DER,Módulos,173,Si
M_D1_DER,Módulos,174,Si
M_D2_IZQ_,Módulos,175,Si
M_D2_DER_,Módulos,176,Si
M_D3_IZQ_,Módulos,177,Si
M_D3_DER,Módulos,178,Si
M_D4_IZQ_,Módulos,179,Si
M_D4_DER_,Módulos,180,Si
M_D5_IZQ_,Módulos,181,Si
M_D5_DER_,Módulos,182,Si
M_D6_IZQ_,Módulos,183,Si
M_D6_DER_,Módulos,184,Si
M_D7_IZQ_,Módulos,185,Si
M_D7_DER_,Módulos,186,Si
M_D8_IZQ_,Módulos,187,Si
M_D8_DER_,Módulos,188,Si
M_D9_IZQ,Módulos,189,Si
M_D9_DER,Módulos,190,Si
M_D10_IZQ_,Módulos,191,Si
M_D10_DER_,Módulos,192,Si
M_D11_IZQ,Módulos,193,Si
M_D11_DER,Módulos,194,Si
M_D12_IZQ_,Módulos,195,Si
M_D12_DER_,Módulos,196,Si
M_D13_IZQ_,Módulos,197,Si
M_D13_DER_,Módulos,198,Si
M_D14_IZQ_,Módulos,199,Si
M_D14_DER_,Módulos,200,Si
M_COLUMNA_D,Módulos,201,Si
M_D15_IZQ_,Módulos,202,Si
M_D15_DER_,Módulos,203,Si
M_D16_IZQ_,Módulos,204,Si
M_D16_DER,Módulos,205,Si
M_D17_IZQ_,Módulos,206,Si
M_D17_DER_,Módulos,207,Si
M_D18_IZQ_,Módulos,208,Si
M_D18_DER,Módulos,209,Si
M_D19_IZQ_,Módulos,210,Si
M_D19_DER_,Módulos,211,Si
M_D20_IZQ_,Módulos,212,Si
M_D20_DER_,Módulos,213,Si
M_D21_IZQ_,Módulos,214,Si
M_D21_DER_,Módulos,215,Si
M_D22_IZQ_,Módulos,216,Si
M_D22_DER_,Módulos,217,Si
M_D23_IZQ_,Módulos,218,Si
M_D23_DER_,Módulos,219,Si
M_D24_IZQ_,Módulos,220,Si
M_D24_DER_,Módulos,221,Si
M_D25_IZQ_,Módulos,222,Si
M_D25_DER_,Módulos,223,Si
M_D26_IZQ,Módulos,224,Si
M_D26_DER,Módulos,225,Si
M_D27_IZQ_,Módulos,226,Si
M_D27_DER_,Módulos,227,Si
M_D28_IZQ_,Módulos,228,Si
M_D28_DER_,Módulos,229,Si
BH_BAHIA 17_DER,BH,230,Si
BH_BAHIA 17_LAT,BH,231,Si
BH_BAHIA 18_DER,BH,232,Si
BH_BAHIA 18_IZQ_,BH,233,Si
BH_BAHIA 19_DER_,BH,234,Si
BH_BAHIA 19_IZQ_,BH,235,Si
BH_BAHIA 20 DER,BH,236,Si
BH_BAHIA 20 DER,BH,237,Si
BH_BAHIA 20 IZQ,BH,238,Si
BH_BAHIA 21_DER_,BH,239,Si
BH_BAHIA 21_IZQ_,BH,240,Si
M_E1_IZQ_,Módulos,241,Si
M_E1_DER_,Módulos,242,Si
M_E2_IZQ_,Módulos,243,Si
M_E2_DER_,Módulos,244,Si
M_E3_IZQ_,Módulos,245,Si
M_E3_DER_,Módulos,246,Si
M_E4_IZQ_,Módulos,247,Si
M_E4_DER_,Módulos,248,Si
M_E5_IZQ_,Módulos,249,Si
M_E5_DER_,Módulos,250,Si
M_E6_IZQ_,Módulos,251,Si
M_E6_DER_,Módulos,252,Si
M_E7_IZQ_,Módulos,253,Si
M_E7_DER_,Módulos,254,Si
M_E8_IZQ_,Módulos,255,Si
M_E8_DER_,Módulos,256,Si
M_E9_IZQ_,Módulos,257,Si
M_E9_DER_,Módulos,258,Si
M_E10_IZQ_,Módulos,259,Si
M_E10_DER_,Módulos,260,Si
M_E11_IZQ_,Módulos,261,Si
M_E11_DER_,Módulos,262,Si
M_E12_IZQ_,Módulos,263,Si
M_E12_DER_,Módulos,264,Si
M_E13_IZQ_,Módulos,265,Si
M_E13_DER_,Módulos,266,Si
M_E14_IZQ_,Módulos,267,Si
M_E14_DER_,Módulos,268,Si
LATERAL PET,L,269,Si
E_F1_LAT,Envase,270,Si
E_F1_DER_,Envase,271,Si
E_F1_IZQ_,Envase,272,Si
E_F2_DER_,Envase,273,Si
E_F2_IZQ_,Envase,274,Si
E_F3_DER_,Envase,275,Si
E_F3_IZQ_,Envase,276,Si
E_F4_DER,Envase,277,Si
E_F4_DER,Envase,278,Si
E_F4_IZQ_,Envase,279,Si
E_F5_DER_,Envase,280,Si
E_F5_IZQ_,Envase,281,Si
E_F6_,Envase,282,Si
E_F7_,Envase,283,Si
E_F8_DER_,Envase,284,Si
E_F8_IZQ_,Envase,285,Si
M_F8_LAT,Módulos,286,Si
M_F9_LAT,Módulos,287,Si
E_F9_DER,Envase,288,Si
E_F9_IZQ,Envase,289,Si
E_F10_DER_,Envase,290,Si
E_F10_IZQ_,Envase,291,Si
E_F11_DER_,Envase,292,Si
E_F11_IZQ_,Envase,293,Si
E_F12_DER_,Envase,294,Si
E_F12_IZQ_,Envase,295,Si
E_F13_DER_,Envase,296,Si
E_F13_IZQ_,Envase,297,Si
E_F14_DER_,Envase,298,Si
E_F15__,Envase,299,Si
E_F15__,Envase,300,Si
M_F17__,Módulos,301,Si
M_F18__,Módulos,302,Si
M_F19__,Módulos,303,Si
M_F20__,Módulos,304,Si
M_F21__,Módulos,305,Si
M_F22__,Módulos,306,Si
M_F23__,Módulos,307,Si
M_F24__,Módulos,308,Si
M_F25__,Módulos,309,Si
M_F26__,Módulos,310,Si
M_F27__,Módulos,311,Si
M_F28__,Módulos,312,Si
M_F29__,Módulos,313,Si
M_F30__,Módulos,314,Si
M_F30__LAT,Módulos,315,Si
M_F31__LAT,Módulos,316,Si
M_F31__,Módulos,317,Si
M_F32__,Módulos,318,Si
M_F33__,Módulos,319,Si
M_F34__,Módulos,320,Si
M_F35__,Módulos,321,Si
M_F36__,Módulos,322,Si
M_F37__,Módulos,323,Si
M_F38__,Módulos,324,Si
M_F39__,Módulos,325,Si
M_F40__,Módulos,326,Si
M_F41__,Módulos,327,Si
M_F42__,Módulos,328,Si
M_F43__,Módulos,329,Si
M_G1_ATRAS,Módulos,330,Si
M_G1_IZQ,Módulos,331,Si
M_G1_DER,Módulos,332,Si
M_G2_IZQ_,Módulos,333,Si
M_G2_DER_,Módulos,334,Si
M_G3_IZQ,Módulos,335,Si
M_G3_DER_,Módulos,336,Si
M_G4_IZQ,Módulos,337,Si
M_G4_DER_,Módulos,338,Si
M_G5_IZQ,Módulos,339,Si
M_G5_DER_,Módulos,340,Si
M_G6_IZQ_,Módulos,341,Si
M_G6_DER_,Módulos,342,Si
M_G7_IZQ_,Módulos,343,Si
M_G7_DER_,Módulos,344,Si
M_G8_IZQ_,Módulos,345,Si
M_G8_DER_,Módulos,346,Si
M_G9_LAT,Módulos,347,Si
M_G9_IZQ_,Módulos,348,Si
M_G9_DER_,Módulos,349,Si
M_G10_IZQ_,Módulos,350,Si
M_G10_DER,Módulos,351,Si
M_G11_IZQ_,Módulos,352,Si
M_G11_DER_,Módulos,353,Si
M_G12,Módulos,354,Si
M_H1_ATRAS_,Módulos,355,Si
M_H1_DER_,Módulos,356,Si
M_H1_IZQ_,Módulos,357,Si
M_H2_DER_,Módulos,358,Si
M_H2_IZQ_,Módulos,359,Si
M_H3_DER_,Módulos,360,Si
M_H3_IZQ_,Módulos,361,Si
M_H4_DER_,Módulos,362,Si
M_H4_IZQ_,Módulos,363,Si
M_H5_DER_,Módulos,364,Si
M_H5_IZQ_,Módulos,365,Si
M_H6_DER_,Módulos,366,Si
M_H6_IZQ_,Módulos,367,Si
M_H7_DER_,Módulos,368,Si
M_H7_DER_ATRAS,Módulos,369,Si
M_H7_IZQ,Módulos,370,Si
M_H8_DER_,Módulos,371,Si
M_H8_IZQ_,Módulos,372,Si
M_H9_DER,Módulos,373,Si
M_H9_IZQ_,Módulos,374,Si
M_H10_DER,Módulos,375,Si
M_H10_IZQ_,Módulos,376,Si
M_H11_DER_,Módulos,377,Si
M_H11_IZQ_,Módulos,378,Si
M_H12_DER_,Módulos,379,Si
M_H12_IZQ_,Módulos,380,Si
M_H12_IZQ_,Módulos,381,Si
M_H13_DER_,Módulos,382,Si
M_H13_IZQ_,Módulos,383,Si
M_I1_DER_,Módulos,384,Si
M_I2_DER_,Módulos,385,Si
M_I2_IZQ_,Módulos,386,Si
M_I3_DER,Módulos,387,Si
M_I3_IZQ,Módulos,388,Si
M_I4_DER_,Módulos,389,Si
M_I4_IZQ_,Módulos,390,Si
E_ENTRE TUNELES,Envase,391,Si
E_ENTRE TUNELES,Envase,392,Si
E_ENTRE TUNELES,Envase,393,Si
E_ENTRE TUNELES,Envase,394,Si
M_I5_IZQ,Módulos,395,Si
M_I6_IZQ_,Módulos,396,Si
M_I6_DER_,Módulos,397,Si
M_I7_DER,Módulos,398,Si
M_I7_DER,Módulos,399,Si
M_I7_IZQ,Módulos,400,Si
M_I8_DER_,Módulos,401,Si
M_I8_IZQ_,Módulos,402,Si
M_I9_DER,Módulos,403,Si
M_I9_IZQ,Módulos,404,Si
M_I10_DER_,Módulos,405,Si
M_I10_IZQ_,Módulos,406,Si
M_I11_DER_,Módulos,407,Si
M_I11_IZQ,Módulos,408,Si
M_I12_DER_,Módulos,409,Si
M_I12_IZQ_,Módulos,410,Si
M_I13_DER_,Módulos,411,Si
M_I13_LAT,Módulos,412,Si
M_I14_LAT,Módulos,413,Si
M_I14_DER,Módulos,414,Si
M_I14_IZQ,Módulos,415,Si
M_I15_DER,Módulos,416,Si
M_I15_IZQ,Módulos,417,Si
M_I16_DER_,Módulos,418,Si
M_I16_IZQ_,Módulos,419,Si
M_I17_IZQ_,Módulos,420,Si
E_J1_LAT,Envase,421,Si
E_J1_DER_,Envase,422,Si
E_J1_IZQ_,Envase,423,Si
E_J2_DER_,Envase,424,Si
E_J2_IZQ_,Envase,425,Si
E_J3_DER_,Envase,426,Si
E_J3_IZQ_,Envase,427,Si
E_J4_DER,Envase,428,Si
E_J4_IZQ,Envase,429,Si
E_J5_DER,Envase,430,Si
E_J5_IZQ,Envase,431,Si
E_J6_DER_,Envase,432,Si
E_J6_IZQ_,Envase,433,Si
E_J7_DER_,Envase,434,Si
E_J7_IZQ_,Envase,435,Si
E_J8_DER_,Envase,436,Si
E_J8_IZQ_,Envase,437,Si
E_J9_DER_,Envase,438,Si
E_J9_IZQ_,Envase,439,Si
E_J10_DER,Envase,440,Si
E_J10_IZQ,Envase,441,Si
E_J11_DER,Envase,442,Si
E_J11_IZQ,Envase,443,Si
M_J12_LAT,Módulos,444,Si
M_J12_IZQ,Módulos,445,Si
M_J12_IZQ,Módulos,446,Si
M_J13_DER,Módulos,447,Si
M_J13_IZQ,Módulos,448,Si
M_J14_DER,Módulos,449,Si
M_J14_IZQ,Módulos,450,Si
M_J15_DER,Módulos,451,Si
M_J15_IZQ,Módulos,452,Si
M_KPASILLO__,Módulos,453,Si
M_KPASILLO__,Módulos,454,Si
M_KPASILLO__,Módulos,455,Si
M_KPASILLO__,Módulos,456,Si
M_KPASILLO__,Módulos,457,Si
M_KPASILLO__,Módulos,458,Si
M_KPASILLO__,Módulos,459,Si
M_KPASILLO__,Módulos,460,Si
M_KPASILLO__,Módulos,461,Si
M_KPASILLO__,Módulos,462,Si
M_KPASILLO__,Módulos,463,Si
M_KPASILLO__,Módulos,464,Si
M_KPASILLO__,Módulos,465,Si
M_KPASILLO__,Módulos,466,Si
M_KPASILLO__,Módulos,467,Si
M_KPASILLO__,Módulos,468,Si
M_KPASILLO__,Módulos,469,Si
M_KPASILLO__,Módulos,470,Si
M_KPASILLO__,Módulos,471,Si
M_KPASILLO__,Módulos,472,Si
M_KPASILLO__,Módulos,473,Si
M_KPASILLO__,Módulos,474,Si
M_KPASILLO__,Módulos,475,Si
M_KPASILLO__,Módulos,476,Si
M_KPASILLO__,Módulos,477,Si
M_KPASILLO__,Módulos,478,Si
M_KPASILLO__,Módulos,479,Si
M_KPASILLO__,Módulos,480,Si
M_KPASILLO__,Módulos,481,Si
M_KPASILLO__,Módulos,482,Si
M_KPASILLO__,Módulos,483,Si
M_KPASILLO__,Módulos,484,Si
M_KPASILLO__,Módulos,485,Si
M_KPASILLO__,Módulos,486,Si
M_KPASILLO__,Módulos,487,Si
M_KPASILLO__,Módulos,488,Si
M_KPASILLO__,Módulos,489,Si
M_KPASILLO__,Módulos,490,Si
M_KPASILLO__,Módulos,491,Si
M_K1__DER,Módulos,492,Si
M_K1__IZQ,Módulos,493,Si
M_K2_DER,Módulos,494,Si
M_K2_IZQ_,Módulos,495,Si
M_K3_DER_,Módulos,496,Si
M_K3_IZQ_,Módulos,497,Si
M_K4_DER_,Módulos,498,Si
M_K4_IZQ,Módulos,499,Si
M_K5_DER,Módulos,500,Si
M_K5_IZQ_,Módulos,501,Si
M_K6_DER,Módulos,502,Si
M_K6_IZQ,Módulos,503,Si
M_K7_DER,Módulos,504,Si
M_K7_IZQ,Módulos,505,Si
M_K8_DER,Módulos,506,Si
M_K8_IZQ_,Módulos,507,Si
M_K9_DER_,Módulos,508,Si
M_K9_IZQ_,Módulos,509,Si
M_K10_DER,Módulos,510,Si
M_K10_IZQ_,Módulos,511,Si
M_K11_DER,Módulos,512,Si
M_K11_IZQ,Módulos,513,Si
M_K12_DER_,Módulos,514,Si
M_K12_IZQ_,Módulos,515,Si
M_K13_DER_,Módulos,516,Si
M_K13_IZQ_,Módulos,517,Si
M_K14_DER_,Módulos,518,Si
M_K14_IZQ_,Módulos,519,Si
M_K15_,Módulos,520,Si
M_L_PASILLO-1,Módulos,521,Si
M_L_PASILLO-1,Módulos,522,Si
M_L_PASILLO-2,Módulos,523,Si
M_L_PASILLO-3,Módulos,524,Si
M_L1_IZQ_,Módulos,525,Si
M_L1_DER_,Módulos,526,Si
M_L1_DER_,Módulos,527,Si
M_L2_IZQ_,Módulos,528,Si
M_L2_DER_,Módulos,529,Si
M_L3_IZQ_,Módulos,530,Si
M_L3_DER_,Módulos,531,Si
M_L4_IZQ_,Módulos,532,Si
M_L4_DER_,Módulos,533,Si
M_L5_IZQ,Módulos,534,Si
M_L5_DER_,Módulos,535,Si
M_L6_IZQ_,Módulos,536,Si
M_L6_DER_,Módulos,537,Si
M_L7_IZQ,Módulos,538,Si
M_L7_DER_,Módulos,539,Si
M_L8_DER_,Módulos,540,Si
M_L8_IZQ_,Módulos,541,Si
M_L9_IZQ_,Módulos,542,Si
M_L9_DER_,Módulos,543,Si
M_L10_IZQ,Módulos,544,Si
M_L10_DER_,Módulos,545,Si
M_L11_IZQ_,Módulos,546,Si
M_L11_DER_,Módulos,547,Si
M_L12_IZQ_,Módulos,548,Si
M_L12_IZQ_,Módulos,549,Si
M_L12_DER_,Módulos,550,Si
M_L13_IZQ,Módulos,551,Si
M_L13_DER,Módulos,552,Si
M_L14_IZQ_,Módulos,553,Si
M_L14_DER_,Módulos,554,Si
M_L15,Módulos,555,Si
BH_BAHIA 27- DER,BH,556,Si
BH_BAHIA 27- IZQ,BH,557,Si
BH_BAHIA 28_DER_,BH,558,Si
BH_BAHIA 28_IZQ_,BH,559,Si
BH_BAHIA 29_DER_,BH,560,Si
BH_BAHIA 29_IZQ_,BH,561,Si
BH_BAHIA 30_DER_,BH,562,Si
BH_BAHIA 30_IZQ_,BH,563,Si
BH_BAHIA 31_DER,BH,564,Si
BH_BAHIA 31_IZQ,BH,565,Si
BH_BAHIA 32_DER,BH,566,Si
BH_BAHIA 32_IZQ,BH,567,Si
BH_BAHIA 33_DER,BH,568,Si
BH_BAHIA 33_IZQ,BH,569,Si
M_L16,Módulos,570,Si
M_L17_IZQ,Módulos,571,Si
M_L18_IZQ_,Módulos,572,Si
M_L18_DER,Módulos,573,Si
M_L19_IZQ_,Módulos,574,Si
M_L19_DER_,Módulos,575,Si
M_L20_IZQ_,Módulos,576,Si
M_L20_DER,Módulos,577,Si
M_L21_IZQ_,Módulos,578,Si
M_L21_DER_,Módulos,579,Si
M_L22_IZQ,Módulos,580,Si
M_L22 DER,Módulos,581,Si
M_L23_IZQ_,Módulos,582,Si
M_L23_DER_,Módulos,583,Si
M_L24_IZQ_,Módulos,584,Si
M_L24_DER_,Módulos,585,Si
M_L25_IZQ,Módulos,586,Si
M_L25_DER,Módulos,587,Si
M_L26_IZQ_,Módulos,588,Si
M_L26_DER_,Módulos,589,Si
M_L27_IZQ_,Módulos,590,Si
M_L27_DER_,Módulos,591,Si
M_L28_IZQ,Módulos,592,Si
M_L28_DER_,Módulos,593,Si
M_L29 IZQ_,Módulos,594,Si
M_L29 DER_,Módulos,595,Si
M_L30_IZQ_,Módulos,596,Si
M_L30_DER_,Módulos,597,Si
M_O1_LAT,Módulos,598,Si
M_O1_LAT,Módulos,599,Si
M_O1,Módulos,600,Si
M_O2,Módulos,601,Si
M_O3,Módulos,602,Si
M_O4,Módulos,603,Si
M_O4,Módulos,604,Si
M_O5,Módulos,605,Si
M_O6,Módulos,606,Si
M_O7,Módulos,607,Si
M_O8,Módulos,608,Si
M_O9_,Módulos,609,Si
M_O9_,Módulos,610,Si
M_O9_,Módulos,611,Si
M_O9_,Módulos,612,Si
M_O9_,Módulos,613,Si
M_O10,Módulos,614,Si
M_O10,Módulos,615,Si
M_O10,Módulos,616,Si
M_O10,Módulos,617,Si
M_O10,Módulos,618,Si
M_O11,Módulos,619,Si
M_O11,Módulos,620,Si
M_O12,Módulos,621,Si
M_O13,Módulos,622,Si
M_O14,Módulos,623,Si
M_O14_LAT,Módulos,624,Si
M_O15,Módulos,625,Si
M_O16,Módulos,626,Si
M_O17,Módulos,627,Si
M_O18,Módulos,628,Si
M_O19,Módulos,629,Si
M_O20,Módulos,630,Si
M_O21,Módulos,631,Si
M_O22,Módulos,632,Si
M_O23,Módulos,633,Si
M_O24,Módulos,634,Si
M_O25,Módulos,635,Si
M_O26,Módulos,636,Si
M_O27,Módulos,637,Si
M_O28 _,Módulos,638,Si
E_O29_IZQ_,Envase,639,Si
E_O30_IZQ_,Envase,640,Si
E_O31_IZQ_,Envase,641,Si
E_O32_IZQ_,Envase,642,Si
E_O33_IZQ_,Envase,643,Si
E_O34_IZQ_,Envase,644,Si
E_O35_IZQ_,Envase,645,Si
E_O36_IZQ_,Envase,646,Si
E_O37_IZQ_,Envase,647,Si
E_O38_IZQ_,Envase,648,Si
E_O39_IZQ_,Envase,649,Si
E_O40_IZQ_,Envase,650,Si
E_O41_IZQ_,Envase,651,Si
E_O42_IZQ_,Envase,652,Si
E_O43_IZQ_,Envase,653,Si
E_O44_IZQ_,Envase,654,Si
E_O45_IZQ_,Envase,655,Si
E_O46_IZQ_,Envase,656,Si
E_O47_IZQ_,Envase,657,Si
E_O48_IZQ_,Envase,658,Si
E_O49_DER_,Envase,659,Si
M_O50_,Módulos,660,Si
M_O51_DER,Módulos,661,Si
M_O51_IZQ,Módulos,662,Si
M_O52_DER,Módulos,663,Si
M_O52_IZQ,Módulos,664,Si
M_O53_DER_,Módulos,665,Si
M_O53_IZQ_,Módulos,666,Si
M_N1_DER_,Módulos,667,Si
M_N1_IZQ_,Módulos,668,Si
M_N2_DER_,Módulos,669,Si
M_N2_IZQ_,Módulos,670,Si
M_N3_DER_,Módulos,671,Si
M_N3_IZQ_,Módulos,672,Si
M_N4_DER_,Módulos,673,Si
M_N4_IZQ_,Módulos,674,Si
M_N5_DER_,Módulos,675,Si
M_N5_IZQ_,Módulos,676,Si
M_N6_DER_,Módulos,677,Si
M_N6_IZQ_,Módulos,678,Si
M_N7_DER_,Módulos,679,Si
M_N7_DER_,Módulos,680,Si
M_N7_IZQ_,Módulos,681,Si
M_N8_DER_,Módulos,682,Si
M_N8_IZQ_,Módulos,683,Si
M_N9_DER_,Módulos,684,Si
M_N9_IZQ_,Módulos,685,Si
M_N9_IZQ_,Módulos,686,Si
M_N10_DER_,Módulos,687,Si
M_N10_IZQ_,Módulos,688,Si
M_N11_DER_,Módulos,689,Si
M_N11_IZQ_,Módulos,690,Si
M_N11_IZQ_,Módulos,691,Si
M_N12_DER_,Módulos,692,Si
M_N12_IZQ_,Módulos,693,Si
M_N13_DER_,Módulos,694,Si
M_N13_IZQ_,Módulos,695,Si
M_N13_IZQ_,Módulos,696,Si
M_N14_DER_,Módulos,697,Si
M_N14_IZQ_,Módulos,698,Si
M_N15_DER_,Módulos,699,Si
M_N15_IZQ_,Módulos,700,Si
M_N16_DER_,Módulos,701,Si
M_N16_IZQ_,Módulos,702,Si
M_N17_DER_,Módulos,703,Si
M_N17_IZQ_,Módulos,704,Si
M_N18_DER_,Módulos,705,Si
M_N18_IZQ,Módulos,706,Si
M_N18_IZQ,Módulos,707,Si
M_N20_,Módulos,708,Si
M_N20_,Módulos,709,Si
M_N20_,Módulos,710,Si
M_M1_LAT_,Módulos,711,Si
M_M1_IZQ_,Módulos,712,Si
M_M1_DER_,Módulos,713,Si
M_M2_IZQ_,Módulos,714,Si
M_M2_LAT_,Módulos,715,Si
M_M3_LAT_,Módulos,716,Si
M_M3_DER_,Módulos,717,Si
M_M4_IZQ_,Módulos,718,Si
M_M4_DER_,Módulos,719,Si
M_M5_IZQ_,Módulos,720,Si
M_M5_DER_,Módulos,721,Si
M_M6_DER,Módulos,722,Si
M_M6 LAT,Módulos,723,Si
M_M7_IZQ_,Módulos,724,Si
M_M7_DER_,Módulos,725,Si
M_M8_,Módulos,726,Si
M_M9_IZQ_,Módulos,727,Si
M_M9_DER_,Módulos,728,Si
M_M10_IZQ_,Módulos,729,Si
M_M10_DER_,Módulos,730,Si
M_M11_IZQ_,Módulos,731,Si
M_M12_LAT_,Módulos,732,Si
M_M12_LAT_,Módulos,733,Si
M_M12_LAT_,Módulos,734,Si
M_M12_DER_,Módulos,735,Si
M_M13_IZQ_,Módulos,736,Si
M_M13_IZQ_,Módulos,737,Si
M_M13_DER_,Módulos,738,Si
M_M14_IZQ_,Módulos,739,Si
M_M14_DER_,Módulos,740,Si
M_M15_,Módulos,741,Si
M_M15_LAT,Módulos,742,Si
M_M15_LAT,Módulos,743,Si
CPB1,C,744,Si
CPB2,C,745,Si
CPB3,C,746,Si
CPB4,C,747,Si
CPB5,C,748,Si
CPB6,C,749,Si
CPB7,C,750,Si
CPB8,C,751,Si
CPB9,C,752,Si
CPB10,C,753,Si
CPB11,C,754,Si
CPB12,C,755,Si
CPB13,C,756,Si
CPB14,C,757,Si
CPB15,C,758,Si
CPB16,C,759,Si
CPB17,C,760,Si
CPB18,C,761,Si
CPB19,C,762,Si
CPB20,C,763,Si
CPB21,C,764,Si
CPB22,C,765,Si
CPB23,C,766,Si
CPB24,C,767,Si
CPB25,C,768,Si
CPB26,C,769,Si
CPB27,C,770,Si
CPB28,C,771,Si
CPB29,C,772,Si
CPB30,C,773,Si
CPB31,C,774,Si
CPB32,C,775,Si
CPC1,C,776,Si
CPC2,C,777,Si
CPC3,C,778,Si
CPC4,C,779,Si
CPC5,C,780,Si
CPC6,C,781,Si
CPC7,C,782,Si
CPC8,C,783,Si
CPC9,C,784,Si
CPC10,C,785,Si
CPC11,C,786,Si
CPC12,C,787,Si
CPC13,C,788,Si
CPC14,C,789,Si
CPC15,C,790,Si
CPC16,C,791,Si
PCPC01,P,792,Si
CPC17,C,793,Si
CPC18,C,794,Si
CPC19,C,795,Si
CPC20,C,796,Si
CPC21,C,797,Si
CPC22,C,798,Si
CPC23,C,799,Si
CPC23,C,800,Si
CPC24,C,801,Si
CPC24,C,802,Si
CPC25,C,803,Si
CPC26,C,804,Si
CPC27,C,805,Si
CPC28,C,806,Si
CPC29,C,807,Si
CPC30,C,808,Si
CPC31,C,809,Si
CPC32,C,810,Si
CPD1,C,811,Si
CPD2,C,812,Si
CPD3,C,813,Si
CPD4,C,814,Si
CPD5,C,815,Si
CPD6,C,816,Si
CPD7,C,817,Si
CPD8,C,818,Si
CPD9,C,819,Si
CPD10,C,820,Si
CPD11,C,821,Si
CPD12,C,822,Si
CPD13,C,823,Si
CPD14,C,824,Si
CPD15,C,825,Si
CPD16,C,826,Si
PCPD01,P,827,Si
CPD17,C,828,Si
CPD18,C,829,Si
CPD19,C,830,Si
CPD20,C,831,Si
CPD21,C,832,Si
CPD22,C,833,Si
CPD23,C,834,Si
CPD24,C,835,Si
CPD25,C,836,Si
CPD26,C,837,Si
CPD27,C,838,Si
CPD28,C,839,Si
CPD29,C,840,Si
CPD30,C,841,Si
CPD31,C,842,Si
CPD32,C,843,Si
CPE1,C,844,Si
CPE2,C,845,Si
CPE3,C,846,Si
CPE4,C,847,Si
CPE5,C,848,Si
CPE6,C,849,Si
CPE7,C,850,Si
CPE8,C,851,Si
CPE9,C,852,Si
CPE10,C,853,Si
CPE11,C,854,Si
CPE12,C,855,Si
CPE12,C,856,Si
CPE13,C,857,Si
CPE14,C,858,Si
CPE14,C,859,Si
CPE15,C,860,Si
CPE16,C,861,Si
CPE16,C,862,Si
PCPE,P,863,Si
PCPE,P,864,Si
CPE17,C,865,Si
CPE18,C,866,Si
CPE19,C,867,Si
CPE19,C,868,Si
CPE20,C,869,Si
CPE21,C,870,Si
CPE22,C,871,Si
CPE23,C,872,Si
CPE24,C,873,Si
CPE25,C,874,Si
CPE26,C,875,Si
CPE27,C,876,Si
CPE27,C,877,Si
CPE27,C,878,Si
CPE28,C,879,Si
CPE28,C,880,Si
CPE29,C,881,Si
CPE30,C,882,Si
CPE31,C,883,Si
CPE32,C,884,Si
CPE32,C,885,Si
CPF1,C,886,Si
CPF2,C,887,Si
CPF3,C,888,Si
CPF4,C,889,Si
CPF5,C,890,Si
CPF5,C,891,Si
CPF6,C,892,Si
CPF7,C,893,Si
CPF8,C,894,Si
CPF9,C,895,Si
CPF10,C,896,Si
CPF11,C,897,Si
CPF12,C,898,Si
CPF13,C,899,Si
CPF14,C,900,Si
CPF15,C,901,Si
CPF16,C,902,Si
CPF17,C,903,Si
CPF18,C,904,Si
CPF19,C,905,Si
CPF20,C,906,Si
CPF22,C,907,Si
CPF23,C,908,Si
CPF23,C,909,Si
CPF23,C,910,Si
CPF25,C,911,Si
CPF26,C,912,Si
CPF27,C,913,Si
CPF28,C,914,Si
CPF29,C,915,Si
CPF30,C,916,Si
CPF31,C,917,Si
CPF32,C,918,Si
CPG,C,919,Si
CPG,C,920,Si
CPG,C,921,Si
CPG29,C,922,Si
CPG30,C,923,Si
CPG31,C,924,Si
CPG32,C,925,Si
J_JAULA 1,Jaulas,926,Si
J_REP__L2,Jaulas,927,Si
J_JAULA 2,Jaulas,928,Si
J_JAULA 3,Jaulas,929,Si
J_JAULA 4,Jaulas,930,Si
J_JAULA 5,Jaulas,931,Si
J_JAULA 8,Jaulas,932,Si
J_JAULA 9,Jaulas,933,Si
