Codigo,Descripcion,Familia,FactorCajas,CajXEstiba,Contenido,VidaUtil,FLimiteDesp,MinimoT1,MinimoT2,MinimoKA
14603,"AGUA PURA ZALVA 1,5 L X 6",Pet,6,100,1500,180,30,127.0,30,45
12026,Agua Zalva Sin Gas Pet 600Cc X 12,Pet,12,120,600,180,30,127.0,30,45
8073+,Aguila  Lat 355 x 6,Ret,6,672,330,120,30,85,30,45
14703,"Aguila 0,0 LTA 330CCX6",Lata,6,480,330,180,30,127.0,30,90
9553,"Aguila 0,0 LTA 355CCX6",Lata,6,480,355,270,30,190,30,90
9551,"Aguila 0,0 RB 330CC X 30",Ret,30,45,330,180,30,127.0,30,90
9581,"Aguila 0,0 TW 330cc x 24 MANUAL",Tw,24,75,330,180,30,127.0,30,90
9557,Aguila 0.0 tw 330x6,Tw,6,300,330,180,30,127.0,30,90
26,Aguila Brr 50L X 1,Barril,1,9,50,60,15,43,15,15
025,Barril 30L Vacio,Barril,1,9,30,0,0,1,15,15
5121,Aguila Cero Lta 330cc X 24,Lata,24,120,330,180,30,127.0,30,90
5119,Aguila Cero R 330cc X 30,Ret,30,45,330,180,30,127.0,30,90
5739,Aguila Cero R 330Cc X 30 Pro,Ret,30,45,330,180,30,127.0,30,90
5120,Aguila Cero TW 330cc X 24,Tw,24,75,330,180,30,127.0,30,90
8062,Aguila Cero Tw 330Cc X 24 Evt,NR,24,75,330,120,30,85,30,90
9857,Aguila Cero Tw 330Cc X 24 Manual,Tw,24,75,330,180,30,127.0,30,90
9847,Aguila Cero Tw 330Cc X 30,Tw,30,45,330,180,30,127.0,30,90
3888,Aguila Exp Tw 330Ccx24 Suecia,NR,24,75,330,365,30,256.5,30,90
9141,Aguila Fusion Limon 269Cc Lata X 24,Lata,24,130,269,180,30,127.0,30,90
11162,Aguila Fusion Limon 269Cc Lata X 6,Lata,6,520,269,180,30,127.0,30,90
11162+,Aguila Fusion Limon 269Cc Lata X 6,Lata,6,520,269,180,30,127.0,30,90
9143,Aguila Fusion Limon 330Cc Bot Rb X 30,Ret,30,45,330,180,30,127.0,30,90
9143+,Aguila Fusion Limon 330Cc Bot Rb X 30,Ret,30,54,330,180,30,127.0,30,90
11182,Aguila Fusion Limon Tw 330Cc X 6,Tw,6,260,330,180,30,127.0,30,90
21871,Aguila IMPERIAL  330cc X 30,Ret,30,45,330,180,30,127.0,30,90
22142,Aguila IMPERIAL TW 330ccX6 N,Tw,6,240,330,180,30,127.0,30,90
7089,Aguila Lig Exp Nr 330Cc X 24 Aruba,NR,24,75,330,365,30,256.5,30,90
22102,Costeña bcna lta 269 Ccx6,Lata,6,600,269,180,30,127.0,30,90
7584,Aguila Lig Lta 269Cc X 6,Lata,6,600,269,180,30,127.0,30,90
7584-,Aguila Lig Lta 269Cc X 6,Lata,6,520,269,180,30,127.0,30,90
4477,AGUILA LIG LTA 269CCX24,Lata,24,130,269,180,30,127.0,30,90
3867,Aguila Lig Lta 330Ccx24 Evt,Lata,24,120,330,120,30,85,30,90
5507,Aguila Lig Lta 330Ccx24 Pro,Lata,24,120,330,120,30,85,30,90
3878,Aguila Lig Lta 330Ccx6 Evt,Lata,6,480,330,120,30,85,30,90
3803,Aguila Lig Lta 330Ccx6 Pro,Lata,6,480,330,120,30,85,30,90
7952,Aguila Lig Lta 330Ccx8 Ka,Lata,8,0,330,120,30,85,30,90
7951,Aguila Lig Lta 330Ccx8 Tat,Lata,8,0,330,180,30,127.0,30,90
5905,Aguila Lig Lta 473ccX18,Lata,18,105,473,180,30,127.0,30,90
5632,Aguila Lig Lta 473ccX6,Lata,6,336,473,180,30,127.0,30,90
2169,Aguila Lig Lta N 330ccX12,Lata,12,240,330,270,30,190,30,90
2170,Aguila Lig LtaN 330ccX24,Lata,24,120,330,180,30,127.0,30,90
22315,Aguila Lig CAN LtaN 330ccX6 THERMO INK,Lata,6,480,330,180,30,127.0,30,90
21184,Aguila Lig NR 330cc X 30,Ret,30,45,330,180,30,127.0,30,90
3647,Aguila Lig R 330 X 30 Pro,Ret,30,45,330,180,30,127.0,30,90
5726,Aguila Lig R 330 X 30 Pro2,NR,30,45,330,120,30,85,30,90
2160,Aguila Lig R 330cc X 30,Ret,30,45,330,180,30,127.0,30,90
2160+,Aguila Lig R 330cc X 30,Ret,30,54,330,180,30,127.0,30,90
3664,Aguila Lig R 750cc X 16,Ret,16,36,750,180,30,127.0,30,90
3664+,Aguila Lig R 750cc X 16,Ret,16,36,750,180,30,127.0,30,90
9482,Aguila Lig Rn 1000Cc X 13,Ret,13,36,1000,180,30,127.0,30,90
2157,Aguila Lig TW 330cc X 24,Tw,24,75,330,180,30,127.0,30,90
9858,Aguila Lig Tw 330Cc X 24 Manual,Tw,24,75,330,180,30,127.0,30,90
9846,Aguila Lig Tw 330Cc X 30,Tw,30,45,330,180,30,127.0,30,90
9127-,Aguila Lig Tw 330X6 Canastilla,Tw,6,240,330,180,30,127.0,30,90
9127,Aguila Lig Tw 330X6 Canastilla,Tw,6,260,330,180,30,127.0,30,90
9139,Aguila Ligh Rn 250Cc X 38,Ret,38,45,250,180,30,127.0,30,90
3656,Aguila Lta 269cc X 24,Lata,24,130,269,270,30,190,30,90
9909,Aguila Lta 269Cc X 6,Lata,6,600,269,270,30,190,30,90
9909-,Aguila Lta 269Cc X 6,Lata,6,520,269,270,30,190,30,90
3229,Aguila Lta 330ccX 12 Lna,Lata,12,240,330,270,30,190,30,90
11747,Aguila Lta 355Cc X 6 + Camisa Colombia,Lata,6,324,355,180,30,127.0,30,90
8063,Aguila Lta 355Ccx 24,Lata,24,120,355,270,30,190,30,90
8507,Aguila Lta 355Ccx 6 Evt,Lata,6,480,355,120,30,85,30,90
8072,Aguila Lta 355Ccx12,Lata,12,240,355,270,30,190,30,90
8073,Aguila Lta 355Ccx6,Lata,6,480,355,270,30,190,30,90
5904,Aguila Lta 473cc X 18,Lata,18,105,473,270,30,190,30,90
5630,Aguila Lta 473cc X 6,Lata,6,336,473,270,30,190,30,90
2173,Aguila Lta N 330cc X 24,Lata,24,120,330,270,30,190,30,90
2174,Aguila Lta N 330cc X 6,Lata,6,480,330,270,30,190,30,90
19877,Aguila Lta N 330cc X 6 ED INDEP,Lata,6,480,330,270,30,190,30,90
20254,Aguila Lta N 330cc X 6 Femenino Mundial,Lata,6,480,330,270,30,190,30,90
20668,Aguila Lta N 330cc X 6 SIX,Lata,6,480,330,270,30,190,30,90
21182,Aguila NR 330cc X 30,NR,30,45,330,180,30,127.0,30,90
21187,Aguila NR 750cc X 16,Ret,16,36,750,180,30,127.0,30,90
22006,AGUILA ORIGINAL  LTA 330 CC *12 LN9,LATA,12,250,330,270,30,190,30,90
3059,Aguila R 330Cc X 30 Evt,NR,30,45,330,120,30,85,30,90
2986,Aguila R 330cc X 30 Pro,Ret,30,45,330,180,30,127.0,30,90
3583,Aguila R 750cc X 16,Ret,16,36,750,180,30,127.0,30,90
11120,Aguila Rn 1000Cc X 12,Ret,12,30,1000,180,30,127.0,30,90
9494,Aguila Rn 1000Cc X 13,Ret,13,36,1000,180,30,127.0,30,90
9494-,Aguila Rn 1000Cc X 13,Ret,13,27,1000,180,30,127.0,30,90
3130,Aguila RN 225cc X 38,Ret,38,54,225,180,30,127.0,30,90
3128,Aguila RN 330cc X 30,Ret,30,45,330,180,30,127.0,30,90
3128+,Aguila RN 330cc X 30,Ret,30,54,330,180,30,127.0,30,90
2154,Aguila TW 330cc X 24,Tw,24,75,330,180,30,127.0,30,90
9856,Aguila Tw 330Cc X 24 Manual,Tw,24,75,330,180,30,127.0,30,90
9845,Aguila Tw 330Cc X 30,Tw,30,45,330,180,30,127.0,30,90
9128,Aguila Tw 330Cc X 6 Canastilla,Tw,6,260,330,180,30,127.0,30,90
3221,Aguila TW 330cc X 6 Lna,Tw,6,300,330,180,30,127.0,30,90
8515,Aguila Lta 355Ccx 24 Pro,Lata,24,120,355,120,30,85,30,90
16466,Austen lager 330x6,Lata,6,480,355,180,30,127.0,30,90
8923,Azteca Lata-330 X 6,Lata,6,480,330,270,30,190,30,90
9675,Azteca Rb 330 X 30,Ret,30,45,330,180,30,127.0,30,90
19303,Bahia Lager Lat 330cc X6,Lata,6,480,330,180,30,127.0,30,90
15545,BAHIA LAGER LTA 330X24,Lata,24,120,330,180,30,127.0,30,90
13766,Bahia Lat 330cc X6,Lata,6,480,330,270,30,190,30,90
7872,Bahia Lig R 225Cc X 38,Ret,38,54,225,180,30,127.0,30,90
9963,Bahia Lta 330Cc X 24,Lata,24,120,330,270,30,190,30,90
493,Barril Acero Inox Din 20 Lt,Barril,1,9,20,120,,85,30,90
025,Barril Acero Inox Din 30 Lt,Ret,1,9,30,120,,85,30,90
026,Barril Acero Inox Din 50 Lt,Ret,1,9,50,120,,85,,
12388,BBC  Nr330ccX4,Tw,3,480,330,180,30,127.0,30,90
7607,BBC Aguinaldo Mix Nr330Ccx6,NR,6,360,330,180,30,127.0,30,90
7782,BBC Bacata Blanca Brr 30L x 1,Barril,1,16,30,60,15,43,15,15
7781,BBC Bacata Blanca Brr 58L X 1,Barril,1,16,58,60,15,43,15,15
7897,BBC Bacata Blanca Nr330Ccx12,NR,12,120,330,180,30,127.0,30,90
7593,BBC Bacata Blanca Nr330ccX24,Tw,24,60,330,180,30,127.0,30,90
7594,BBC Bacata Blanca Nr330ccX4,Tw,4,360,330,180,30,127.0,30,90
7594+,BBC Bacata Blanca Nr330ccX4,Tw,4,504,330,180,30,127.0,30,90
587,BBC Barril Acero Inox Din 30 Lt,Barril,1,9,30,120,,85,,
22202,BBC CAJICA MIEL BRR 29.7L X1,Barril,1,16,30,60,15,43,15,15
7790,BBC CAJICA MIEL BRR 30L X 1,Barril,1,16,30,60,15,43,15,15
7804,BBC Cajica Miel Brr 58L X 1,Barril,1,16,58,60,15,43,15,15
14833,BBC CAJICA MIEL DUO 330 X 2,Lata,2,1008,250,180,0,127.0,30,90
13859,BBC Cajica Miel Lta 269 x 12,Lata,12,312,269,180,30,127.0,30,90
13858,BBC Cajica Miel Lta 269 x 24,Lata,24,156,269,180,30,127.0,30,90
12283,BBC Cajica Miel Lta 269 x 4,Lata,4,780,269,180,30,127.0,30,90
7898,BBC Cajica Miel Nr330Ccx12,NR,12,120,330,180,30,127.0,30,90
7598,BBC Cajica Miel Nr330ccX24,Tw,24,60,330,180,30,127.0,30,90
7599,BBC Cajica Miel Nr330ccX4,Tw,4,360,330,180,30,127.0,30,90
7599+,BBC Cajica Miel Nr330ccX4,Tw,4,504,330,180,30,127.0,30,90
9196,BBC Cajica Miel Nr330Ccx5 Agr,Tw,5,160,330,180,30,127.0,30,90
7600,BBC Candelaria Clasic Nr 330x24,Tw,24,60,330,180,30,127.0,30,90
7601,BBC Candelaria Clasic Nr 330x4 Four PK,Tw,4,360,330,180,30,127.0,30,90
7601+,BBC Candelaria Clasic Nr 330x4 Four PK,Tw,4,504,330,180,30,127.0,30,90
7601-,BBC Candelaria Clasic Nr 330x4 Four PK,Tw,4,432,330,180,30,127.0,30,90
7806,BBC Candelaria Clásica Brr 30L X 1,Barril,1,16,30,60,15,43,15,15
7805,BBC Candelaria Clasica Brr 58L X 1,Barril,1,16,58,60,15,43,15,15
7903,BBC Candelaria Clasica Nr330Ccx12,NR,12,120,330,180,30,127.0,30,90
8130,BBC Cerro De Guadalupe Nr 330Cc X 4,NR,4,360,330,120,30,85,30,90
22001,BBC CHAPINERO BRR 29.7L X1,Barril,1,16,30,60,15,43,15,15
7807,BBC CHAPINERO PORTER BRR 30L X 1,Barril,1,16,30,60,15,43,15,15
7814,BBC Chapinero Porter Brr 58L X 1,Barril,1,16,58,60,15,43,15,15
7602,BBC Chapinero Porter Nr 330x24,Tw,24,60,330,180,30,127.0,30,90
7603,BBC Chapinero Porter Nr 330x4 Four PK,Tw,4,360,330,180,30,127.0,30,90
7603+,BBC Chapinero Porter Nr 330x4 Four PK,Tw,4,504,330,180,30,127.0,30,90
7902,BBC Chapinero Porter Nr330Ccx12,NR,12,120,330,180,30,127.0,30,90
7797,BBC Chia Weiss Brr 30L X 1,Barril,1,16,30,60,15,43,15,15
7815,BBC Chia Weiss Brr 58L X 1,Barril,1,16,58,60,15,43,15,15
7832,BBC Don Rufino Brr 30L X 1,Barril,1,16,30,60,15,43,15,15
7833,BBC Don Rufino Brr 58L X 1,Barril,1,16,58,60,15,43,15,15
14833+,BBC Duo Pack Nr330ccX2,Tw,12,504,330,120,30,85,30,90
12013,BBC La Cotidiana 269CC LTA X 24,Lata,24,150,269,180,30,127.0,30,90
12012,BBC La Cotidiana 269CC LTA X 4,Lata,4,702,269,180,30,127.0,30,90
17075,BBC La Cotidiana 269CC LTA X 6,Lata,6,468,269,270,30,190,30,90
22284,BBC LAGER BRR 29.7L X1,Barril,1,16,30,60,15,43,15,15
7780,BBC LAGER BRR 30L x 1,Barril,1,16,30,60,15,43,15,15
7783,BBC Lager Brr 58L X 1,Barril,1,16,58,60,15,43,15,15
7597,BBC Lager Nr330Ccx12,NR,12,120,330,180,30,127.0,30,90
7595,BBC Lager Nr330ccX24,Tw,24,60,330,180,30,127.0,30,90
7596,BBC Lager Nr330ccX6,Tw,6,240,330,180,30,127.0,30,90
7596-,BBC Lager Nr330ccX6,Tw,6,288,330,180,30,127.0,30,90
7596+,BBC Lager Nr330ccX6,Tw,6,336,330,180,30,127.0,30,90
8085,BBC Macondo Nr330Cc 4Px6U,Tw,4,360,330,180,30,127.0,30,90
8085+,BBC Macondo Nr330Cc 4Px6U,Tw,4,504,330,180,30,127.0,30,90
22003,BBC MONSERRATE BRR 29.7L X1,Barril,1,16,30,60,15,43,15,15
7676,BBC Monserrate Rj Nr330Ccx12,NR,12,120,330,180,30,127.0,30,90
7604,BBC Monserrate Rj Nr330ccX24,Tw,24,60,330,180,30,127.0,30,90
7605,BBC Monserrate Rj Nr330ccX4,Tw,4,360,330,180,30,127.0,30,90
7605+,BBC Monserrate Rj Nr330ccX4,Tw,4,504,330,180,30,127.0,30,90
7836,BBC MONSERRATE ROJA BRR 30L x 1,Barril,1,16,30,60,15,43,15,15
7838,BBC Monserrate Roja Brr 58L X 1,Barril,1,16,58,60,15,43,15,15
14908,BBC Poker pura malta 330 x 6 NR,Lata,6,504,330,180,30,127.0,30,90
7839,BBC Policarpa Fte Brr 30L X 1,Barril,1,16,30,60,15,43,15,15
7840,BBC Policarpa Fte Brr 58L X 1,Barril,1,16,58,60,15,43,15,15
21159,BBC ROSE  Lta 269 x 4,Lata,4,780,269,180,30,127.0,30,90
21161+,BBC ROSE NR BOT 330ccX4,Tw,4,504,330,180,30,127.0,30,90
21161,BBC ROSE NR BOT 330ccX4,Tw,4,360,330,180,30,127.0,30,90
7857,BBC SEPTIMAZO IPA BRR 30L x 1,Barril,1,16,30,60,15,43,15,15
7858,BBC Septimazo Ipa Brr 58L X 1,Barril,1,16,58,60,15,43,15,15
7900,BBC Septimazo Ipa Nr330Ccx12,NR,12,120,330,180,30,127.0,30,90
7675,BBC Septimazo Ipa Nr330Ccx24,NR,24,60,330,180,30,127.0,30,90
7660,BBC SEPTIMAZO IPA NR330CCX4,Tw,4,360,330,180,30,127.0,30,90
7660+,BBC SEPTIMAZO IPA NR330CCX4,Tw,4,504,330,180,30,127.0,30,90
12388+,BBC Three Pack Nr330ccX3,Tw,3,672,330,120,30,85,30,90
7859,BBC Triqui Tri Brr 30L X 1,Barril,1,16,30,60,15,43,15,15
8166,BBC Triqui Tri Nr 330Cc X 4,Tw,4,360,330,180,30,127.0,30,90
7861,BBC Tutaina Brr 30L X 1,Barril,1,16,30,180,15,127.0,15,15
8186,BBC Tutatina Nr 330 X 4 Growl,NR,4,128,330,180,30,127.0,30,90
7883,BBC Usaquen Stout Brr 30L X 1,Barril,1,16,30,180,15,127.0,15,15
7884,BBC Usaquen Stout Brr 58L X 1,Barril,1,16,58,180,15,127.0,15,15
7899,BBC Zanahoria Nr330Ccx12,NR,12,120,330,180,30,127.0,30,90
7606,BBC Zanahoria Nr330Ccx24,NR,24,60,330,90,30,64.0,30,90
7887,BBC Zipaquira Aba Brr 30L X 1,Barril,1,16,30,180,15,127.0,15,15
7888,BBC Zipaquira Aba Brr 58L X 1,Barril,1,16,58,180,15,127.0,15,15
17157,BECKS LATA 269 Cc x6,Lata,6,600,269,270,30,190,30,90
14706,Becks Lta 330Cc X 6,Lata,6,480,355,270,30,190,30,90
8813,Becks Lta 355Cc X 24,Lata,24,120,355,270,30,190,30,90
8828,Becks Lta 355Cc X 6,Lata,6,480,355,270,30,190,30,90
8221,Becks Nr 275Cc 4Px6U,NR,6,260,275,365,30,256.5,30,90
8815,Becks Nr 275Cc X 6,Tw,6,260,275,270,30,190,30,90
8815+,Becks Nr 275Cc X 6,Tw,6,312,275,270,30,190,30,90
887,Botella Flint 1000R,Ret,13,36,1000,120,30,85,30,90
225,Botella Flint 250 Cc,Ret,38,45,250,120,30,85,30,90
888,Botella Marron 1000Cc,Ret,13,36,1000,120,30,85,30,90
226,Botella Marron 250 Cc,Ret,38,45,250,120,30,85,30,90
226-,Botella Marron 250 Cc,Ret,38,45,250,120,30,85,30,90
8075,Budweiser Al 355Cc X 24,Tw,24,60,355,180,30,127.0,30,90
19184,Budweiser Lat 355x6,Lata,6,480,355,270,30,190,30,90
7996,Budweiser Lta  269Ccx12 Pack,Lata,12,270,269,270,30,190,30,90
20004,Budweiser Lta  269Ccx12 Pack MAQUILADA,Lata,12,270,269,270,30,190,30,90
21951,Budweiser Lta  269Ccx12 Pack TERMO L9,Lata,12,320,269,270,30,190,30,90
7993,Budweiser Lta  269Ccx24 Pack,Lata,24,150,269,270,30,190,30,90
11794,Budweiser Lta  269Ccx24 Pack,Lata,24,130,269,270,30,190,30,90
8531,Budweiser Lta  269Ccx24 Pack MESSI,Lata,24,130,269,270,30,190,30,90
7990,Budweiser Lta  269Ccx6 Pack,Lata,6,540,269,270,30,190,30,90
9672,Budweiser Lta  269Ccx6 Pack TERMO,Lata,6,600,269,270,30,190,30,90
22612,Budweiser CAN  269Ccx6  TERMO EXP ECU,Lata,6,600,269,270,30,190,30,90
20677,Budweiser Lta  269Ccx6 SXP,Lata,6,660,269,270,30,190,30,90
8567,Budweiser Lta 269Ccx24 Exp,Lata,24,130,269,270,30,190,30,90
12273,Budweiser Lta 269Ccx24 Exp,Lata,24,182,269,270,30,190,30,90
8567+,Budweiser Lta 269Ccx24 Exp,Lata,24,150,269,270,30,190,30,90
7674,Budweiser Lta 295cc 2PX12U,Lata,12,216,295,365,30,256.5,30,90
7609,Budweiser Lta 295cc X 12,Lata,12,216,295,365,30,256.5,30,90
11173,Budweiser Lta 355Ccx24,Lata,24,120,355,270,30,190,30,90
11177,Budweiser Lta 355Ccx6 Manual,Lata,6,480,355,270,30,190,30,90
7991,Budweiser Nr 250Ccx24,Tw,24,90,250,270,30,190,30,90
19954,Budweiser RET 250Ccx38,Ret,38,45,250,270,30,190,30,90
8042,Budweiser Nr 250Ccx6,Tw,6,360,250,270,30,190,30,90
8042-,Budweiser Nr 250Ccx6,Tw,6,260,250,270,30,190,30,90
7994,Budweiser Nr 315Ccx24,Tw,24,75,315,180,30,127.0,30,90
8061,Budweiser Nr 315Ccx6,Tw,6,260,315,180,30,127.0,30,90
22124,Budweiser R 330Ccx30,Ret,30,45,250,180,30,127.0,30,90
7579,Budweiser Tw 355cc 4PX6U,Tw,6,240,355,365,30,256.5,30,90
7617,Budweiser Tw 355cc X 6,Tw,6,240,355,365,30,256.5,30,90
8212,Busch Light Lta 330Ccx24,Lata,24,120,330,180,30,127.0,30,90
8213,Busch Light Lta 330Ccx6,Lata,6,480,330,270,30,190,30,90
8723,Busch Light Lta 330Ccx6 Funda,Lata,6,480,330,270,30,190,30,90
15070,Busch Light Lta 330Ccx6 linea,Lata,6,480,330,180,30,127.0,30,90
8814,Busch Light Rb 330Ccx30,Ret,30,45,330,180,30,127.0,30,90
60,Caja carton,Ret,30,45,330,120,,85,,
231,Caja Plástica Café 225Cc X 38,Ret,1,54,225,120,,85,,
159,Caja Plástica Café 330Cc X 30,Ret,1,45,330,120,,85,,
156,Caja Plástica AZUL 330Cc X 30,Ret,1,45,330,120,30,85,30,90
482,Caja Plástica Café 330Cc X 30 Pallet,Ret,1,45,330,120,30,85,30,90
206,Caja Plástica Café 500Cc X 20,Ret,1,36,500,120,,85,,
387,Caja Plastica Marron 1000Cc X 12,Ret,1,40,1000,120,,85,,
211,Caja Plastica Marron 1000Cc X13,Ret,1,36,1000,120,30,85,30,90
224,Caja Plastica Marron 250Cc X38,Ret,1,45,250,120,30,85,30,90
374,Caja Plastica Marron 750Cc X 16,Ret,1,36,750,120,,85,,
374+,Caja Plastica Marron 750Cc X 16,Ret,1,36,750,120,,85,,
024,Cilindro Co2 20 Kg,Ret,1,30,,120,30,85,,
31,Club Col Brr 30L X 1,Barril,1,9,30,60,15,43,15,15
5626,Club Col Brr 30L X 1 Okf,Barril,1,9,30,60,15,43,15,15
16017,Club col Doble malta 330x6,Lata,6,480,355,180,30,127.0,30,90
15012,Club Col Doble Malta Br 330x30,Ret,30,45,330,180,30,127.0,30,90
15015,Club Col Doble Malta Lta 330 x24,Lata,24,120,330,180,30,127.0,30,90
15024,Club Col Doble Malta Lta 330 x6,Lata,6,480,330,180,30,127.0,30,90
16282,Club Col Doble Malta TW 330 X24,Tw,24,75,250,180,30,127.0,30,90
16920,Club Col Doble Malta TW 330 X6,Tw,6,240,250,180,30,127.0,30,90
19596,Club Col Eterno Lta 330X6 REEMP N CAJA,Lata,6,480,330,270,30,190,30,90
3669,Club Col Exp Tw 330Cc X 24 Esp,NR,24,75,330,365,30,256.5,30,90
3669+,Club Col Exp Tw 330Cc X 24 Esp,NR,24,75,330,365,30,256.5,30,90
9500,Club Col Lata 269Cc X 12,Lata,12,260,269,180,30,127.0,30,90
9500+,Club Col Lata 269Cc X 12,Lata,12,260,269,180,30,127.0,30,90
8532,Club Col Lata 269Cc X 6,Lata,6,600,269,270,30,190,30,90
8532-,Club Col Lata 269Cc X 6,Lata,6,520,269,270,30,190,30,90
8722,Club Col Lata 269Cc X 6,Lata,6,520,269,270,30,190,30,90
15859,Club Col Lta  Roja330X6 N CAJA,Lata,6,480,330,180,30,127.0,30,90
7487,CLUB COL LTA 269CC X 24,Lata,24,130,269,270,30,190,30,90
7487+,CLUB COL LTA 269CC X 24,Lata,24,150,269,270,30,190,30,90
5251,Club Col Lta 330cc X 12 N,Lata,12,240,330,270,30,190,30,90
5250,Club Col Lta 330cc X 24 N,Lata,24,120,330,270,30,190,30,90
7410,Club Col Lta 330Cc X 6 Okf,Lata,6,480,330,180,30,127.0,30,90
6860,Club Col Lta 330Cc X 9 Navidad Agr,Lata,9,160,330,180,30,127.0,30,90
5624,CLUB COL LTA 330CCX24 OKF,Lata,24,120,330,180,30,127.0,30,90
5252,Club Col Lta 330X6 N,Lata,6,480,330,270,30,190,30,90
15854,Club Col Lta 330X6 REEMP N CAJA,Lata,6,480,330,270,30,190,30,90
8158,Club Col Lta 355Cc X 12,Lata,12,240,355,180,30,127.0,30,90
8156,Club Col Lta 355Cc X 24,Lata,24,120,355,180,30,127.0,30,90
8157,Club Col Lta 355Cc X 6,Lata,6,480,355,180,30,127.0,30,90
21146,club col Lta 473ccX6,Lata,6,336,473,270,30,190,30,90
9116,Club Col Mix Lta 330X8 Pro,Lata,8,288,330,180,30,127.0,30,90
6819,Club Col NG Brr 20L X 1,Barril,1,9,20,60,15,43,15,15
8306,Club Col Ng Lata 269Cc X 24,Lata,24,130,269,180,30,127.0,30,90
8533,Club Col Ng Lata 269Cc X 6 Ka,Lata,6,520,269,180,30,127.0,30,90
8727,Club Col Ng Lata 269Cc X 6 Tat,Lata,6,520,269,180,30,127.0,30,90
5257,Club Col NG Lta 330ccX6 N,Lata,6,480,330,180,30,127.0,30,90
15860,Club Col NG Lta 330ccX6 N CAJA,Lata,6,480,330,180,30,127.0,30,90
5256,Club Col NG Lta 330X24 N,Lata,24,120,330,180,30,127.0,30,90
5733,Club Col Ng Lta 330X9,Lata,9,160,330,180,30,127.0,30,90
8136,Club Col Ng Lta 355Cc X 24,Lata,24,120,355,180,30,127.0,30,90
8135,Club Col Ng Lta 355X6,Lata,6,480,355,180,30,127.0,30,90
6861,Club Col Ng Ltaa 330Cc X 9 Navidad Agr,Lata,9,160,330,180,30,127.0,30,90
3760,Club Col NG R 330cc X 30 N,Ret,30,45,330,180,30,127.0,30,90
9793,Club Col Ng Tw 330Cc X 24 Manual,Tw,24,75,330,180,30,127.0,30,90
3758,Club Col NG Tw 330cc X 24 N,Tw,24,75,330,180,30,127.0,30,90
9802,Club Col Ng Tw 330Cc X 30,Tw,30,45,330,180,30,127.0,30,90
3789,Club Col NG Tw 330ccX6 N,Tw,6,260,330,180,30,127.0,30,90
6718,Club Col Nr 330Cc X 24 Exp Ci,NR,24,75,330,365,30,256.5,30,90
9161,Club Col Nr330 X 24 Siembra,NR,24,75,330,180,30,127.0,30,90
9803,Club Col Nr330 X 30 Siembra,NR,30,45,330,180,30,127.0,30,90
9130,Club Col Nr330 X 6 Siembra,Tw,6,260,330,180,30,127.0,30,90
8122,Club Col Okt Lta 330Ccx6 Agr,Lata,6,480,330,180,30,127.0,30,90
12254,Club Col Okt Lta 330Ccx6 Agr,Lata,6,480,330,180,30,127.0,30,90
20250,Club Col OKTF FESTBIER LTA 330X6,Lata,6,480,330,180,30,127.0,30,90
20251,Club Col OKTF FESTBIER NR 330X30,NR,30,45,330,180,30,127.0,30,90
3751,Club Col R 330cc X 30 N,Ret,30,45,330,180,30,127.0,30,90
3751+,Club Col R 330cc X 30 N,Ret,30,54,330,180,30,127.0,30,90
4044,Club Col RJ Brr 30L X 1,Barril,1,9,30,60,15,43,15,15
8703,Club Col Rj Lata 269Cc X 6 Tat,Lata,6,520,269,180,30,127.0,30,90
8547,Club Col Rj Lata 269Cc X6,Lata,6,520,269,180,30,127.0,30,90
8547-,Club Col Rj Lata 269Cc X6,Lata,6,520,269,180,30,127.0,30,90
5729,Club Col Rj Lta 330 X 9,Lata,9,160,330,180,30,127.0,30,90
6862,Club Col Rj Lta 330Cc X 9 Navidad Agr,Lata,9,160,330,180,30,127.0,30,90
5253,Club Col RJ Lta 330ccX 24 N,Lata,24,120,330,180,30,127.0,30,90
5254,Club Col RJ Lta 330X12 N,Lata,12,240,330,180,30,127.0,30,90
5255,Club Col RJ Lta 330X6 N,Lata,6,480,330,180,30,127.0,30,90
8224,Club Col Rj Lta 355Cc X 12,Lata,12,240,355,180,30,127.0,30,90
8160,Club Col Rj Lta 355Cc X 24,Lata,24,120,355,180,30,127.0,30,90
8161,Club Col Rj Lta 355Cc X 6,Lata,6,480,355,180,30,127.0,30,90
3759,Club Col RJ R 330cc X 30 N,Ret,30,45,330,180,30,127.0,30,90
9851,Club Col Rj Tw 330Ccx24 Manual,Tw,24,75,330,180,30,127.0,30,90
3756,Club Col RJ Tw 330ccX24 N,Tw,24,75,330,180,30,127.0,30,90
9800,Club Col Rj Tw 330Ccx30,Tw,30,45,330,180,30,127.0,30,90
5409,Club Col RJ Tw 330X 24 KRAFT N,Tw,24,75,330,180,30,127.0,30,90
3788,Club Col RJ TW 330X6 N,Tw,6,260,330,180,30,127.0,30,90
7476,Club Col TG Nr 330cc X 24,Tw,24,75,330,180,30,127.0,30,90
9859,Club Col Tg Nr 330Cc X 24 Manual,Tw,24,75,330,180,30,127.0,30,90
9801,Club Col Tg Nr 330Cc X 30,Tw,30,45,330,180,30,127.0,30,90
7475,CLUB COL TG NR 330CC X 6,Tw,6,300,330,180,30,127.0,30,90
7474,Club Col TG R 330cc X 30,Ret,30,45,330,180,30,127.0,30,90
21156,Club Col TRIGO  330C X 30,Ret,30,45,330,180,30,127.0,30,90
21155,Club Col Trigo Lta 330ccX6 N,Lata,6,480,330,180,30,127.0,30,90
21166,Club Col TRIGO NR 330C X 24 REM,NR,24,60,330,180,30,127.0,30,90
21165,Club Col TRIGO NR 330C X 30,NR,30,45,330,180,30,127.0,30,90
7326,Club Col Tw 330Cc X 10 Ka,NR,10,105,330,120,30,85,30,90
9849,Club Col Tw 330Cc X 24 Manual,Tw,24,75,330,180,30,127.0,30,90
9849-,Club Col Tw 330cc X 24 MANUAL,Tw,24,75,330,180,30,127.0,30,90
3753,Club Col Tw 330cc X 24 N,Tw,24,75,330,180,30,127.0,30,90
9798,Club Col Tw 330Cc X 30,Tw,30,45,330,180,30,127.0,30,90
5410,CLUB COL TW 330CCX24 KRAFT N,Tw,24,75,330,180,30,127.0,30,90
3787-,Club Col TW 330ccX6 N,Tw,6,240,330,180,30,127.0,30,90
3787,Club Col TW 330ccX6 N,Tw,6,260,330,180,30,127.0,30,90
21892,Club Colombia Mocca-Café 269Cc x6,Lata,6,600,269,180,30,127.0,30,90
8307,Club Colombia Roja 269 Ccx 24,Lata,24,130,269,180,30,127.0,30,90
13798,Cola & Pola Lulo LTA 330cc x 6,Lata,6,480,330,270,30,190,30,90
22135,Cola y pola  Lata 269Cc X 6,Lata,6,600,269,180,30,127.0,30,90
21174,Cola&Pola CLEAR CAN Lt 330cc X 6,Lata,6,480,330,180,30,127.0,30,90
1421,Cola&Pola Lt 330cc X 24,Lata,24,120,330,180,30,127.0,30,90
2976,Cola&Pola Lt 330cc X 6,Lata,6,480,330,180,30,127.0,30,90
16198,Cola&Pola Lt limonada Coco330cc X 6,Lata,6,480,330,180,30,127.0,30,90
2882,Cola&Pola Pet 1.5L X 6,Pet,6,100,1500,90,30,64.0,30,45
2882-,Cola&Pola Pet 1.5L X 6,Pet,6,75,1500,90,30,64.0,30,45
2882+,Cola&Pola Pet 1.5L X 6,Pet,6,125,1500,90,30,64.0,30,45
9965,Cola&Pola Pet 400Cc X 6,Pet,6,360,400,90,30,64.0,30,45
7218,Cola&Pola RJ LT 330cc X 6,Lata,6,480,330,180,30,127.0,30,90
2511,Cola&Pola RN 330cc X 30,Ret,30,45,330,180,30,127.0,30,90
17891,Corona 269x24 EXP ECUADOR LIN,Lata,24,150,269,365,30,256.5,30,90
17891+,Corona 269x24 EXP ECUADOR LIN-9,Lata,6,660,269,365,30,256.5,30,90
22243,Corona CERO Lta  269Ccx24 LINEA,Lata,24,150,269,365,30,256.5,30,90
22493,Cor CEROLta 269Ccx12 Lose pack,Lata,12,320,269,365,30,256.5,30,90
22493+,Cor CEROLta 269Ccx6 Lose pack,Lata,6,660,269,365,30,256.5,30,90
22242,Corona CERO Lta  269Ccx6,Lata,6,468,269,365,30,256.5,30,90
21255,Corona CERO Nr 330Cc X 6,Tw,6,260,330,365,30,256.5,30,90
22125,Corona CERO Nr 330Cc X 6 EXP ECU,Tw,6,260,330,365,30,256.5,30,90
16950,Corona Coctel Frambuesa-limon LTA 269Cc X 24,Lata,24,130,269,270,30,190,30,90
16951,Corona Coctel Limon Cactus LTA 269Cc X 24,Lata,24,130,269,270,30,190,30,90
16953,Corona Coctel Toronja Limon  LTA 269Cc X 24,Lata,24,130,269,270,30,190,30,90
16952,Corona Coctel tropical   MixLTA 269Cc X 6,Lata,6,520,269,270,30,190,30,90
7981,Corona Extra Al 473Cc X 24,NR,24,60,473,365,30,256.5,30,90
17158-,Corona Extra Lta  269Ccx 12 LINEA 9,Lata,6,320,269,365,30,256.5,30,90
21860,Corona Extra Lta  269Ccx 6 LINEA 9,Lata,6,660,269,365,30,256.5,30,90
17158+,Corona Extra Lta  269Ccx 6 LINEA 9,Lata,6,660,269,365,30,256.5,30,90
17158,Corona Extra Lta  269Ccx24 LINEA,Lata,24,150,269,365,30,256.5,30,90
17154,Corona Extra Lta  269Ccx24 REEM,Lata,24,117,269,365,30,256.5,30,90
17154+,Corona Extra Lta  269Ccx24 REEM,Lata,24,130,269,365,30,256.5,30,90
17155,Corona Extra Lta  269Ccx6 Pack,Lata,6,468,269,365,30,256.5,30,90
17155+,Corona Extra Lta  269Ccx6 Pack,Lata,6,520,269,365,30,256.5,30,90
8223,Corona Extra Nr 355Cc X12 Mini Cooler,Tw,12,33,355,365,30,256.5,30,90
7659,Corona Extra Nr 355cc X12Pricesmart,Tw,12,120,355,365,30,256.5,30,90
8123,Corona Extra Nr 355Cc X6 Bucket,NR,6,70,355,365,30,256.5,30,90
7576,Corona Extra Tw 355cc 4PX6U,Tw,6,240,355,365,30,256.5,30,90
7986,Corona Extra Tw 355Cc 4Px6U Cooler,NR,24,28,355,365,30,256.5,30,90
7760,Corona Extra Tw 355cc X 6 Cubeta,Tw,6,120,355,120,30,85,30,90
7577,Corona Extra Tw 710cc X 12,Tw,12,60,710,365,30,256.5,30,90
7614,Corona Extra Tw IM  355cc 4PX6U,Tw,6,240,355,365,30,256.5,30,90
20050,Corona Nr 330Cc X 6,Tw,6,260,330,365,30,256.5,30,90
20050-,Corona Nr 330Cc X 6,Tw,6,240,355,365,30,256.5,30,90
22512,Corona Nr 330Cc X30,Tw,30,45,330,365,30,256.5,30,90
22513,Corona Cero Nr 330Cc X30,Tw,30,45,330,365,30,256.5,30,90
11176,Corona Nr 355Cc X 24,Tw,24,60,355,365,30,256.5,30,90
9509,Corona Nr 355Cc X 6,Tw,6,240,355,365,30,256.5,30,90
9509+,Corona Nr 355Cc X 6,Tw,6,240,355,365,30,256.5,30,90
20282-,CORONA REUSABLE 330CC X30,Tw,30,36,330,365,30,256.5,30,90
20282,CORONA REUSABLE 330CC X30,Tw,30,45,330,365,30,256.5,30,90
8573,Coronita Extra 210Cc X 24,Tw,24,80,210,365,30,256.5,30,90
8570,Coronita Extra IMP 210Cc X 6,Tw,6,360,210,365,30,256.5,30,90
8570+,Coronita Extra IMP 210Cc X 6,Tw,6,480,210,365,30,256.5,30,90
7575,Coronita Extra Tw 207cc 4PX6U,Tw,6,384,207,365,30,256.5,30,90
7613,Coronita Extra Tw 207cc X 6,Tw,6,384,207,365,30,256.5,30,90
11180,Coronita Nr 210Cc X 24,Tw,24,96,210,365,30,256.5,30,90
9508,Coronita Nr 210Cc X 6,Tw,6,384,210,365,30,256.5,30,90
9508-,Coronita Nr 210Cc X 6,Tw,6,360,210,365,30,256.5,30,90
9508--,Coronita Nr 210Cc X 6,Tw,6,320,210,365,30,256.5,30,90
20281,CORONITA REUSABLE 210CC X40,Tw,40,45,210,365,30,256.5,30,90
20281-,CORONITA REUSABLE 210CC X40,Tw,40,36,210,365,30,256.5,30,90
22101,COSTEÑA BACANA LATA 473X6,Lata,6,336,473,180,30,127.0,30,90
21806,COSTEÑA BACANA LTA 330X6 SIX SUELTO,Lata,6,480,330,180,30,127.0,30,90
13451,Costeña Bacana R 320cc x 30,Ret,30,45,320,180,30,127.0,30,45
13451+,Costeña Bacana R 320cc x 30,Ret,30,54,320,180,30,127.0,30,45
1416,Costeña Lta 330cc X 24,Lata,24,120,330,270,30,190,30,90
1413,Costeña Lta 330cc X 6,Lata,6,480,330,270,30,190,30,90
22271,Costeña Lta 310cc X 6,Lata,6,528,310,270,30,190,30,90
20877,Costeña R 750 X 16,Ret,16,36,750,180,30,127.0,30,90
21145,COSTEÑA Rn 1000Cc X 13,Ret,13,36,1000,180,30,127.0,30,90
20867,COSTEÑA RN 330 X 30,Ret,30,45,330,180,30,127.0,30,90
20867+,COSTEÑA RN 330 X 30,Ret,30,54,330,180,30,127.0,30,90
3198,Costeña RN 350 X 30,Ret,30,45,350,180,30,127.0,30,90
3198+,Costeña RN 350 X 30,Ret,30,45,350,180,30,127.0,30,90
12273,Costeñita Bacana BNR320cc x 30,Ret,30,45,320,180,30,127.0,30,90
12274,Costeñita Bacana Lta 269cc x6,Lata,6,520,269,270,30,190,30,90
14709,Costeñita Bacana Lta 330cc x6,Lata,6,480,330,180,30,127.0,30,90
12272,Costeñita Bacana NR 320cc x 24,TW,24,75,320,180,30,127.0,30,90
12271,Costeñita Bacana NR 320cc x 6,TW,6,260,320,180,30,127.0,30,90
12271-,Costeñita Bacana NR 320cc x 6,TW,6,208,320,180,30,127.0,30,90
3617,Costeñita R 175cc X 38,Ret,38,54,175,180,30,127.0,30,90
3617-,Costeñita R 175cc X 38,Ret,38,45,175,180,30,127.0,30,90
18217,CRA TROPLIM FR AMARILLOS LTA 355 x 12,Lata,12,182,355,270,30,190,30,90
17287,CRA TROPLim Fr Roj Lta 355 x 24,Lata,24,104,355,270,30,190,30,90
17287-,CRA TROPLim Fr Roj Lta 355 x 24,Lata,24,65,355,270,30,190,30,90
17287+,CRA TROPLim Fr Roj Lta 355 x 24,Lata,24,90,355,270,30,190,30,90
17287+-,CRA TROPLim Fr Roj Lta 355 x 24,Lata,24,75,355,270,30,190,30,90
18216,CRA TROPLIM FR ROJOS LTA 355 x 12,Lata,12,182,355,270,30,190,30,90
20013,CRA TROPLim Frutos Rojos Lta 355x4,Lata,4,630,355,270,30,190,30,90
18220,CRA TROPLIM TORONJA LTA  355 x 12,Lata,12,182,355,270,30,190,30,90
17289,CRA TROPLima Lim Fruto Ama Lta 355 x 24,Lata,24,104,355,270,30,190,30,90
17289-,CRA TROPLima Lim Fruto Ama Lta 355 x 24,Lata,24,65,355,270,30,190,30,90
17289+,CRA TROPLima Lim Fruto Ama Lta 355 x 24,Lata,24,90,355,270,30,190,30,90
17289+-,CRA TROPLima Lim Fruto Ama Lta 355 x 24,Lata,24,75,355,270,30,190,30,90
18218,CRA TROPLIMA LIMON LTA  355 x 12,Lata,12,182,355,270,30,190,30,90
17286,CRA TROPLima Limon Lta 355 x 24,Lata,24,104,355,270,30,190,30,90
17286-,CRA TROPLima Limon Lta 355 x 24,Lata,24,65,355,270,30,190,30,90
17286+,CRA TROPLima Limon Lta 355 x 24,Lata,24,90,355,270,30,190,30,90
17286+-,CRA TROPLima Limon Lta 355 x 24,Lata,24,75,355,270,30,190,30,90
20014,CRA TROPLima Limon Lta 355x4,Lata,4,630,355,270,30,190,30,90
17288,CRA TROPLimon Toronja Lta 355 x 24,Lata,24,104,355,270,30,190,30,90
17288-,CRA TROPLimon Toronja Lta 355 x 24,Lata,24,65,355,270,30,190,30,90
17288+,CRA TROPLimon Toronja Lta 355 x 24,Lata,24,90,355,270,30,190,30,90
17288+-,CRA TROPLimon Toronja Lta 355 x 24,Lata,24,75,355,270,30,190,30,90
20012,CRA TROPLimon Toronja Lta 355x4,Lata,4,630,355,270,30,190,30,90
17594,CRA TROPlm-fr-am  355 x 12,Lata,12,182,355,270,30,190,30,90
17290,CRA TROPmix  Lta 355 x 4,Lata,4,546,355,270,30,190,30,90
9076,Cusqueña Dorada Nr 330 X24,NR,24,60,330,180,30,127.0,30,90
9077,Cusqueña Negra Nr 330 X24,NR,24,60,330,180,30,127.0,30,90
9074,Cusqueña Red Nr 330 X24,NR,24,60,330,180,30,127.0,30,90
9075,Cusqueña Trigo Nr 330 X24,NR,24,60,330,180,30,127.0,30,90
3016P,Envase Budweiser 250,Ret,,,250,,,1,,
409760P,Envase Budweiser 250 Nr,Pallet NR,,,250,,,1,,
3016,Envase Budweiser 250x38,Ret,38,45,250,,,1,,
1430,Envase Clover  320R,Ret,30,45,330,,,1,,
1430P,Envase Clover  320R,Ret,,,320,,,1,,
430,Envase costeña vacana  club col 330R,Ret,38,45,175,,,1,,
5,Envase Costeñita 175 Cc,Ret,38,45,175,120,,85,,
472,Envase Flint 175R,Ret,38,45,175,120,,85,,
313,Envase Flint 225R,Ret,38,45,225,120,,85,,
213,Envase Flint 330R,Ret,30,45,330,120,,85,,
213P,Envase Flint 330R,Ret,,,330,120,,85,,
3317p,caja azul 330cc*30,Ret,,,330,365,,256.5,,
383,Envase flint 750 R,Ret,16,36,750,,,1,,
111111,Envase Flint Aguila 330 Nr,Pallet NR,1,4347,330,,,1,,
412707,Envase Flint Aguila 330Nr Nuevo,Ret,30,45,330,120,30,85,30,90
412707P,Envase Flint Aguila 330Nr Nuevo,Ret,30,45,330,120,30,85,30,90
408900,Envase Flint Redd Apple 250Nr,Pallet NR,1,5750,250,,,1,,
408900P,Envase Flint Redd Apple 250Nr,Pallet NR,1,5750,250,,,1,,
332,Envase GREEN 330R,Ret,38,45,175,,,1,,
402549,Envase Green Redd 250Nr,Pallet NR,1,5750,250,,,1,,
402549P,Envase Green Redd 250Nr,Pallet NR,1,5750,250,,,1,,
408694,Envase Green Redds 250Nr Embossing,Pallet NR,1,5750,250,,,1,,
408694P,Envase Green Redds 250Nr Embossing,Pallet NR,1,5750,250,,,1,,
523,Envase Green Redds Apple 330R,Ret,30,45,330,120,30,85,30,90
523P,Envase Green Redds Apple 330R,Ret,30,45,330,120,30,85,30,90
850,Envase MAR 8500 R,Ret,36,36,330,120,,85,,
211,Envase Marron 1000Cc x13,Ret,13,36,1000,,,1,,
207,Envase Marron 225R,Ret,38,54,225,120,,85,,
1111,Envase Marron 330Nr Cervezas,Ret,30,45,330,120,,85,,
406668,Envase Marron 330Nr Club Colombia,Pallet NR,1,4347,330,,,1,,
406668P,Envase Marron 330Nr Club Colombia,Pallet NR,1,4347,330,,,1,,
412671,Envase Marron 330Nr Club Colombia Nueva,Ret,30,45,330,120,30,85,30,90
412671P,Envase Marron 330Nr Club Colombia Nueva,Ret,30,45,330,120,30,85,30,90
412644,Envase Marron 330Nr Nuevo,Ret,30,45,330,120,30,85,30,90
412644P,Envase Marron 330Nr Nuevo,Ret,30,45,330,120,30,85,30,90
162,Envase Marron 330R,Ret,30,45,330,,,1,,
162,Envase Marron 330R,Ret,30,54,330,,,1,,
162P,Envase Marron 330R,Ret,,,330,,,1,,
312,Envase MARRON 350R nueva,Ret,38,45,175,,,1,,
385,Envase Marron 355R,EER,30,45,355,,,1,,
171,Envase Marron 500R,Ret,1,36,500,120,,85,,
373,Envase MARRON 750 R,Ret,16,36,750,,,1,,
373P,Envase MARRON 750 R,Ret,,,750,,,1,,
409761,Envase Marron Budweiser 315 Nr,Pallet NR,1,4347,315,,,1,,
409761P,Envase Marron Budweiser 315 Nr,Pallet NR,1,4347,315,,,1,,
446,Envase Marron club col 330R,Ret,30,45,330,,,1,,
163,Estiba Cerv Madera 1280X1080X120,Ret,1,1,0,120,,85,,
311,Estiba Cerv Madera 1280X1080X120 16Tabla,Ret,1,1,0,120,,85,,
42,Estiba Cerv Madera 1360X1150,Estiba,1,1,,,,1,,
405337,Estiba Mader Exportacion Europa,Estiba,1,0,0,,,1,,
166,Estibas,,,,,,,1,,
21038,FUSION PET 400x6,Pet,6,360,400,90,30,64.0,30,45
15781,Gran Club Col Dr 850,Ret,16,36,750,180,30,127.0,30,90
3262,GROLSCH PL Lta 330ccX 24,Lata,24,120,330,365,30,256.5,30,90
3260,Grolsch PL NR 330cc X 24,Tw,24,75,330,365,30,256.5,30,90
3261,Grolsch PL NR 450cc X 20,Tw,20,55,450,365,30,256.5,30,90
7926,Grolsch PL TW 450cc X 5 KA Agr,Tw,5,120,450,365,30,256.5,30,90
9230,Hoegaarden Grand Cru Nr 330X24,NR,24,65,330,180,30,127.0,30,90
8311,Hoegaarden Lta 330Cc X 24,Lata,24,120,330,365,30,256.5,30,90
8732,Hoegaarden Radler Lemon Lime Nr 250 X24,NR,24,65,250,365,30,256.5,30,90
9228,Hoegaarden White Nr 330X24,NR,24,60,330,365,30,256.5,30,90
12135,Ikai Fsl Nr 250 Cc X24,NR,24,80,250,180,30,127.0,30,90
12134,Ikai Lj Nr 250 Cc X24,NR,24,80,250,180,30,127.0,30,90
9084,Kaufmann Lata 330 X24,Lata,24,120,330,270,30,190,30,90
21204,Kaufmann Lata 330 X6,Lata,6,480,330,270,30,190,30,90
8343,Leffe Nr 330Cc X 24,Tw,24,72,330,520,30,365,30,90
8343+,Leffe Nr 330Cc X 24,Tw,24,72,330,520,30,365,30,90
8343,Leffe Nr 330Cc X 24,Tw,24,65,330,520,30,365,30,90
13443,Malta Leona  Pet 200cc X 6,Pet,6,532,200,90,30,64.0,30,45
13443+,Malta Leona  Pet 200cc X 6,Pet,6,760,200,90,30,64.0,30,45
16398,Malta leona café 269x6,Lata,6,600,269,270,30,190,30,90
9504,Malta Leona Pet 1.5L X 6,Pet,6,100,1500,120,30,85,30,45
8881,Malta Leona Pet 400Cc X 24,Pet,24,90,400,90,30,64.0,30,45
8878,Malta Leona Pet 400Cc X 6,Pet,6,360,400,120,30,85,30,45
8880,Malta Leona Rb 330Cc X 30,Ret,30,45,330,365,30,256.5,30,90
21189,Michelob Lta  269Ccx6 Pack,Lata,6,600,269,270,30,190,30,90
22039,Michelob Ultra AMBAR NR 355cc x 6,Tw,6,240,355,365,30,256.5,30,90
13413-+,Michelob Ultra BNR 210cc x 6,Tw,6,384,210,365,30,256.5,30,90
13413+-,Michelob Ultra BNR 330cc x 6,Tw,6,260,300,365,30,256.5,30,90
13413+,Michelob Ultra BNR 355cc x 6,Tw,6,288,355,365,30,256.5,30,90
13413,Michelob Ultra BNR 355cc x 6,Tw,6,240,355,365,30,256.5,30,90
13413-,Michelob Ultra BNR 355cc x 6,Tw,6,224,355,365,30,256.5,30,90
18224,MIKES LATA HARD LEMONADE 355 X 12,Lata,12,182,335,365,30,256.5,30,90
13763,MIKES LATA HARD LEMONADE 355 X 24,Lata,24,117,335,365,30,256.5,30,90
13763-,MIKES LATA HARD LEMONADE 355 X 24,Lata,24,90,335,365,30,256.5,30,90
14798,MIKES LATA HARD LEMONADE 355 X 4,Lata,4,546,355,365,30,256.5,30,90
20016,MIKES LATA HARD STRAWBEERY 355 X 4,Lata,4,546,355,365,30,256.5,30,90
18226,MIKES LATA LEM STAWBEERY 355 X 12,Lata,12,182,335,365,30,256.5,30,90
16396,MIKES LATA MIX LEMONADE Y FRAMBUESA,Lata,4,546,355,365,30,256.5,30,90
14197,MIKES LATA STRAWBEERY 355 X 24,Lata,24,117,335,365,30,256.5,30,90
14197-,MIKES LATA STRAWBEERY 355 X 24,Lata,24,90,335,365,30,256.5,30,90
7612,Modelo Tw 355Cc 4Px6U,NR,6,216,355,365,30,256.5,30,90
21177,Modelo Tw 355Cc x 6,NR,6,216,355,365,30,256.5,30,90
14779,NATIVA BR 330CC X 30,Ret,30,45,330,180,30,127.0,30,90
9799,OZ TW 330cc X 30,Tw,30,45,330,180,30,127.0,30,90
20,palet lata,Ret,30,45,330,120,,85,,
165,pallet carton,Envase,,,,,,1,,
419215p,Pallet Corona 355Nr,Ret,8,440,355,,,1,,
9213,Pallet Coronita 210NR,Ret,10,612,210,,,1,,
164,pallet lata,Lata,,,,,,1,,
8367,Patagonia Amber Lager Nr 355Cc X 12,Tw,12,120,355,365,30,256.5,30,90
7608,PATAGONIA BOHEMIA NR 355CC X 12,Tw,12,120,355,365,30,256.5,30,90
8234,Patagonia Weisse 355Nr X 12,Tw,12,120,355,365,30,256.5,30,90
1262,Peroni  Tw 330cc X 24,Tw,24,75,330,365,30,256.5,30,90
2559,Peroni TW 330cc X 6,Tw,6,300,330,365,30,256.5,30,90
27,Pilsen Brr 50L X 1,Barril,1,9,50,45,15,32.5,15,15
8069,Pilsen Lta 355Ccx 12,Lata,12,240,355,120,30,85,30,90
8071,Pilsen Lta 355Ccx 6,Lata,6,480,355,270,30,190,30,90
8074,Pilsen Lta 355Ccx24,Lata,24,120,355,270,30,190,30,90
5902,PILSEN Lta 473cc X 6,Lata,6,336,473,270,30,190,30,90
9502,PILSEN Lta 473cc X 6,Lata,6,336,473,270,30,190,30,90
2641,Pilsen LtaN 330cc  X  6,Lata,6,480,330,270,30,190,30,90
2640,Pilsen LtaN 330cc X 24,Lata,24,120,330,180,30,127.0,30,90
2634,Pilsen R 330cc X 30,Ret,30,45,330,180,30,127.0,30,90
3658,Pilsen R 750cc X 16,Ret,16,36,750,180,30,127.0,30,90
3345,Pilsen Tw 330 X 6 Lna,Tw,6,300,330,180,30,127.0,30,90
2637,Pilsen Tw 330cc X 24,Tw,24,75,330,180,30,127.0,30,90
14969,Poker  pura MaltaLta 330Cc X 6,Lata,6,480,355,180,30,127.0,30,90
3162,Poker Lig R 330cc X 30,Ret,30,45,330,180,30,127.0,30,90
3162+,Poker Lig R 330cc X 30,Ret,30,45,330,180,30,127.0,30,90
13631-,Poker Lta 269cc x 6,Lata,6,520,269,270,30,190,30,90
13631,Poker Lta 269cc x 6,Lata,6,600,269,270,30,190,30,90
21203,Poker Lta 269cc x 6 LOOSEPACK,Lata,6,660,269,270,30,190,30,90
22256,POKER LTA 330 CC *12 LN9,LATA,12,250,330,270,30,190,30,90
7686,Poker Lta 330Cc X 10 Agr,Lata,10,160,330,180,30,127.0,30,90
1428,Poker Lta 330Cc X 6,Lata,6,480,355,270,30,190,30,90
19733,Poker Lta 330Cc X 6 MAQUILADA,Lata,6,480,355,270,30,190,30,90
20672,Poker Lta 330CC X 6 SIX,Lata,6,480,330,270,30,190,30,90
1431,Poker Lta 330ccX 24,Lata,24,120,330,270,30,190,30,90
3232,Poker Lta 330X12 Lna,Lata,12,240,330,270,30,190,30,90
8070,Poker Lta 355Cc X 12,Lata,12,240,355,270,30,190,30,90
9797,Poker Lta 355Cc X 12 Prom,Lata,12,240,355,180,30,127.0,30,90
8066,Poker Lta 355Cc X 24,Lata,24,120,355,270,30,190,30,90
8225,Poker Lta 355Cc X 24 Dda,Lata,24,120,355,120,30,85,30,90
8065,Poker Lta 355Cc X 6,Lata,6,480,355,270,30,190,30,90
8229,Poker Lta 355Cc X 6 Dda,Lata,6,480,355,120,30,85,30,90
5150,Poker Lta 473cc X 6,Lata,6,336,473,270,30,190,30,90
5268,Poker Lta 473ccX 18,Lata,18,90,473,270,30,190,30,90
14968,Poker Pura Malta R 330cc X 30,Ret,30,45,330,180,30,127.0,30,90
11111,POKER PUREMALTA 355X6,Lata,6,480,355,120,30,85,30,90
2512,Poker R 330cc X 30,Ret,30,45,330,180,30,127.0,30,90
2512+,Poker R 330cc X 30,Ret,30,54,330,180,30,127.0,30,90
7167,Poker R 330Cc X 30 Dda,Ret,30,45,330,120,30,85,30,90
3659,Poker R 750cc X 16,Ret,16,36,750,180,30,127.0,30,90
3659+,Poker R 750cc X 16,Ret,16,36,750,180,30,127.0,30,90
8228,Poker R 750Cc X 16 Dda,Ret,16,36,750,120,30,85,30,90
9480,Poker Rn 1000Cc X 13,Ret,13,36,1000,180,30,127.0,30,90
9480-,Poker Rn 1000Cc X 13,Ret,13,27,1000,180,30,127.0,30,90
9150,Poker Rn 250Cc X 38,Ret,38,45,250,180,30,127.0,30,90
12398,Poker Roja Lata 355X6,Lata,6,480,355,270,30,190,30,90
14707,POKER ROJA LTA 330X6,Lata,6,480,330,180,30,127.0,30,90
12275,Poker Roja R 330Ccx30,Ret,30,45,330,180,30,127.0,30,90
12279,Pony Bit Pet200Cc X 6,Pet,6,608,200,90,30,64.0,30,45
16542,Pony BW Galleta  330cc X 6,Pet,6,378,330,365,30,256.5,30,45
21703,PONY LESS SUGAR  2.0L X6,Pet,6,60,2000,120,30,85,30,45
12137,Pony Mal Pet 200Ccx12 Cart + Cartuchera,Pet,12,224,200,90,30,64.0,30,45
2729,Pony Malta Exp Lta 330Ccx24,Lata,24,120,330,120,30,85,30,90
16736,Pony Malta fresa Pet 1.5LX 6,Pet,6,88,504,120,30,85,30,45
21447,Pony Malta go pet  200cc X 6,Pet,6,640,200,90,30,64.0,30,45
21447-,Pony Malta go pet  200cc X 6,Pet,6,608,200,90,30,64.0,30,45
22282,Pony Malta go pet  200cc X 6 PG5 LL6,Pet,6,608,200,90,30,64.0,30,45
22272,Pony Malta GO RB 330cc X 30,Ret,30,45,330,365,30,256.5,30,90
2208,Pony Malta Lt N 330ccX6,Lata,6,480,330,365,30,256.5,30,90
2206,Pony Malta LtaN 330ccX24,Lata,24,120,330,365,30,256.5,30,90
16210,Pony Malta LtaN 330ccX6,Lata,6,480,330,365,30,256.5,30,90
7078,Pony Malta Pet 1.0L X 15,Pet,15,52,1000,120,30,85,30,45
7078-,Pony Malta Pet 1.0L X 15,Pet,15,52,1000,120,30,85,30,45
8322,Pony Malta Pet 1.0L X 15 Evt,Pet,15,52,1000,120,30,85,30,45
7692,Pony Malta Pet 1.0LX2 + PlusPet200 Gtis,Pet,2,52,1,90,30,64.0,30,45
2224,Pony Malta Pet 1.5LX 6,Pet,6,100,1500,120,30,85,30,45
2224-,Pony Malta Pet 1.5LX 6,Pet,6,75,1500,120,30,85,30,45
2224--,Pony Malta Pet 1.5LX 6,Pet,6,66,1500,120,30,85,30,45
2224+-,Pony Malta Pet 1.5LX 6,Pet,6,88,1500,120,30,85,30,45
11969,Pony Malta Pet 2.0L X6,Pet,6,60,2000,120,30,85,30,45
12117,Pony Malta Pet 2.0Lx2 + Pony Vit 200,Pet,2,108,2000,90,30,64.0,30,45
8287,Pony Malta Pet 200Cc 6U X 2P Ka,Pet,12,160,200,90,30,64.0,30,45
8262,Pony Malta Pet 200Cc 6U X 2P Tat,Pet,12,532,200,90,30,64.0,30,45
2759,Pony Malta Pet 200cc X 6,Pet,6,640,200,90,30,64.0,30,45
-2759,Pony Malta Pet 200cc X 6,Pet,6,512,200,90,30,64.0,30,45
2759-,Pony Malta Pet 200cc X 6,Pet,6,608,200,90,30,64.0,30,45
2759+,Pony Malta Pet 200cc X 6,Pet,6,760,200,90,30,64.0,30,45
21125,Pony Malta Pet 200cc X 6 PROMO,Pet,6,640,200,90,30,64.0,30,45
3810,Pony Malta Pet 200ccX30,Pet,30,135,200,90,30,64.0,30,45
3810-,Pony Malta Pet 200ccX30,Pet,30,128,200,90,30,64.0,30,45
3529,Pony Malta Pet 200X6 Pro,Pet,6,490,200,90,30,64.0,30,45
2222,Pony Malta Pet 330cc X 24,Pet,24,96,330,90,30,64.0,30,45
2223,Pony Malta Pet 330cc X 6,Pet,6,384,330,90,30,64.0,30,45
2223-,Pony Malta Pet 330cc X 6,Pet,6,378,330,90,30,64.0,30,45
3864,Pony Malta Pet 330Ccx24 Evt,Pet,24,96,330,90,30,64.0,30,45
16740,Pony Malta Pet fresa sandia 330cc X 6,Pet,6,384,330,90,30,64.0,30,45
21173,PONY MALTA LESS 1000CC X15,Pet,15,52,1000,120,30,85,30,45
11748,Pony Malta Pet200Cc X 6 +Camisa Colombia,Pet,6,420,200,90,30,64.0,30,45
2183,Pony Malta R 225cc X 38,Ret,38,54,225,365,30,256.5,30,90
2183-,Pony Malta R 225cc X 38,Ret,38,45,225,365,30,256.5,30,90
2182,Pony Malta R 330cc X 30,Ret,30,45,330,365,30,256.5,30,90
2772,Pony Malta R 330ccX30 Pro,Ret,30,45,330,365,30,256.5,30,90
12118,Pony Malta Vital Pet 1.0L X 15,Pet,15,52,1000,120,30,85,30,45
21959-,Pony MaltaGO Pet 1.5LX 6,Pet,6,66,1500,120,30,85,30,45
21959,Pony MaltaGO Pet 1.5LX 6,Pet,6,88,1500,120,30,85,30,45
2558,Pony Mlta Pet 1.5LX2 Agr,Pet,2,162,1500,90,30,64.0,30,45
2776,Pony Mlta Pet 330ccX6 Pro,Pet,6,384,330,90,30,64.0,30,45
12280,Pony PIX Pet200Cc X 6,Pet,6,608,200,90,30,64.0,30,45
11963,Pony Vital Pet 200 X 30,Pet,30,128,200,90,30,64.0,30,45
11964,Pony Vital Pet 330Cc X 24,Pet,24,96,330,90,30,64.0,30,45
11962,Pony Vital Pet 330Cc X 6,Pet,6,384,330,90,30,64.0,30,45
11962-,Pony Vital Pet 330Cc X 6,Pet,6,384,330,90,30,64.0,30,45
11961,Pony Vital Pet200Cc X 6,Pet,6,608,200,90,30,64.0,30,45
8312,Presidente Nr 355Cc X 24,Tw,24,60,355,365,30,256.5,30,90
8245,Quilmes Nr 340 X 24,NR,24,0,340,365,30,256.5,30,90
6122,Redds App Lta 269cc X 24,Lata,24,130,269,120,30,85,30,90
7450,Redds App Lta 269Cc X 4 Ka,Lata,4,702,269,120,30,85,30,90
3203,Redds Cold Lt 269cc X 24,Lata,24,130,269,270,30,190,30,90
3228,Redds Cold Lt 269X6,Lata,6,600,269,270,30,190,30,90
2298,Redds Cold R 330cc X 30,Ret,30,45,330,180,30,127.0,30,90
2302,Redds Cold TW 250cc X 24,Tw,24,75,250,180,30,127.0,30,90
2999,Redds Cold TW 250X6,Tw,6,300,250,180,30,127.0,30,90
8086,Redds Mix Lta 269X4,Lata,4,702,269,180,30,127.0,30,90
21730,Redds Rose Lt 269X6,Lata,6,600,269,180,30,127.0,30,90
20469-,stella  artois LT 269x6 NAC,Lata,6,416,269,270,30,190,30,90
20469,stella  artois LT 269x6 NAC,Lata,6,520,269,270,30,190,30,90
14647+,stella  artois Nr 330x6 mex,tw,6,260,330,365,30,256.5,30,90
14647,stella  artois Nr 330x6 mex,tw,6,240,330,365,30,256.5,30,90
12136,Stella artois 250cc x 6,Lata,6,512,250,365,30,256.5,30,90
15367,Stella artois 269cc x 24,Lata,24,150,269,270,30,190,30,90
20466,Stella artois 269cc x 24 VALLE,Lata,24,150,269,270,30,190,30,90
15366--,Stella artois 269cc x 6,Lata,6,312,269,365,30,256.5,30,90
15366+-,Stella artois 269cc x 6,Lata,6,360,269,365,30,256.5,30,90
15366-,Stella artois 269cc x 6,Lata,6,480,269,365,30,256.5,30,90
15366-+,Stella artois 269cc x 6,Lata,6,468,269,365,30,256.5,30,90
15366,Stella artois 269cc x 6,Lata,6,520,269,365,30,256.5,30,90
15366+,Stella artois 269cc x 6,Lata,6,660,269,365,30,256.5,30,90
18039,Stella Artois Belgica  Tw 330cc 4PX6U,Tw,6,260,330,365,30,256.5,30,90
18039+,Stella Artois Belgica  Tw 330cc 4PX6U,Tw,6,336,330,365,30,256.5,30,90
18039-,Stella Artois Belgica  Tw 330cc 4PX6U,Tw,6,240,330,365,30,256.5,30,90
9893,Stella Artois Bib Nr 12 L,Tw,1,40,12,270,30,190,30,90
12212,Stella Artois Lata 250 X24,Lata,24,144,250,365,30,256.5,30,90
12212-,Stella Artois Lata 250 X24,Lata,24,130,250,365,30,256.5,30,90
20463,Stella Artois Nr 300Cc X 6,Tw,6,240,300,270,30,190,30,90
8180,Stella Artois NR 750cc X6 NAV,Tw,6,88,750,365,30,256.5,30,90
7611,Stella Artois Tw 330 X 6,Tw,6,260,330,365,30,256.5,30,90
7611-,Stella Artois Tw 330 X 6,Tw,6,240,330,365,30,256.5,30,90
7611+,Stella Artois Tw 330 X 6,Tw,6,336,330,365,30,256.5,30,90
7581,Stella Artois Tw 330cc 4PX6U,Tw,24,65,330,365,30,256.5,30,90
7581+,Stella Artois Tw 330cc 4PX6U,Tw,24,84,330,365,30,256.5,30,90
18059,Stella Artois Tw 330cc X24 BELG,Tw,24,65,330,365,30,256.5,30,90
22363,REDDS CITRUS RB 330 X30,Ret,30,45,330,180,30,127.0,30,90
22244,Budweiser NR 250Ccx38,Ret,38,45,250,270,30,190,30,90
21871+,Aguila IMPERIAL  330cc X 30,Ret,30,54,330,180,30,127.0,30,90
21447--,Pony Malta go pet  200cc X 6,Pet,6,512,200,90,30,64.0,30,45
22579,Corona Extra Lta  473Ccx6 Pack,Lata,6,320,473,365,30,256.5,30,90
22613+,Aguila Lig R FRIA HELADA 330cc X 30,Ret,30,54,330,180,30,127.0,30,90
22613,Aguila Lig R FRIA HELADA 330cc X 30,Ret,30,45,330,180,30,127.0,30,90
22270,Kaufmann Lta 310cc X 6,Lata,6,528,310,270,30,190,30,90
22660,Club Colombia TW Esmeralda 24 x 330,NR,24,60,330,180,30,127.0,30,90
22589,PILSEN Lta 473cc X 6 EDICION ESPECIAL,Lata,6,336,473,270,30,190,30,90
21166+,Club Col TRIGO NR 330C X 24 REM,NR,24,65,330,180,30,127.0,30,90
22867,Michelob Ultra NR 330 CC X24 REM,NR,24,65,330,270,30,190,30,90
22866,Michelob Ultra NR 330 CC X6 REM,NR,6,260,330,270,30,190,30,90
22866-,Michelob Ultra NR 330 CC X6 REM,NR,6,240,330,270,30,190,30,90
22863,Michelob Ultra NR 330 CC X30 TOC,NR,30,45,330,270,30,190,30,90
23121,Cola&Pola ROJA Lt 330cc X 6,Lata,6,480,330,180,30,127.0,30,90
22265,BAHIA LAGER 310,Lata,6,528,310,180,30,127.0,30,90
22269,AZTECA LATA 310CC X6,Lata,6,528,310,270,30,190,30,90
23013,BAHIA LIGHT 310 X6,Lata,6,528,310,180,30,127.0,30,90
23047,AZTECA LIGHT 310CC X6,Lata,6,528,310,180,30,127.0,30,90
22398,Modelo Negra Tw 355Cc x 6,NR,6,216,355,365,30,256.5,30,90
23211,PONY MALTA LESS SUGGAR PET 200CC X30,Pet,30,128,200,90,30,64.0,30,45
23211,PONY MALTA LESS SUGGAR PET 200CC X30,Pet,30,128,200,90,30,64.0,30,45
